id_Fatura;id_Contrato;Data_de_Vencimento;Valor_Previsto;Categoria_Receita;Previsão_Pagamento;Dias_Atraso;;;
1;1;27/11/2025;186886,61;Principal; 09/12/2025 ;0,00;;;
2;2;12/02/2025;373602,96;Juros; 17/11/2025 ;260,00;;;
3;3;13/11/2025;55169,31;Juros; 16/12/2025 ;0,00;;;
4;4;27/11/2025;740013,57;Juros; 05/11/2025 ;0,00;;;
5;5;12/09/2025;352954,78;Principal; 11/12/2025 ;48,00;;;
6;6;21/12/2025;286875,20;Principal; 22/11/2025 ;0,00;;;
7;7;21/11/2025;26361,45;Multa; 21/12/2025 ;0,00;;;
8;8;11/12/2025;841227,61;Multa; 05/12/2025 ;0,00;;;
9;9;23/12/2025;604446,22;Multa; 12/11/2025 ;0,00;;;
10;10;24/12/2025;884859,98;Multa; 22/11/2025 ;0,00;;;
11;11;12/11/2025;729070,04;Multa; 18/12/2025 ;0,00;;;
12;12;17/11/2025;202497,53;Juros; 20/12/2025 ;0,00;;;
13;13;24/11/2025;339032,92;Juros; 12/11/2025 ;0,00;;;1,00
14;14;12/05/2025;117790,35;Principal; 16/12/2025 ;171,00;;;
15;15;12/06/2025;789922,22;Multa; 07/12/2025 ;140,00;;;
16;16;22/12/2025;404348,70;Juros; 12/12/2025 ;0,00;;;
17;17;11/11/2025;97842,21;Multa; 26/12/2025 ;0,00;;;
18;18;28/12/2025;336918,11;Principal; 20/12/2025 ;0,00;;;
19;19;13/11/2025;267311,81;Juros; 07/11/2025 ;0,00;;;
20;20;19/11/2025;464511,53;Juros; 15/12/2025 ;0,00;;;
21;21;17/11/2025;653727,16;Multa; 01/12/2025 ;0,00;;;
22;22;25/11/2025;812758,96;Principal; 27/11/2025 ;0,00;;;
23;23;11/12/2025;514793,12;Principal; 07/12/2025 ;0,00;;;
24;24;18/11/2025;485259,61;Juros; 18/12/2025 ;0,00;;;
25;25;11/09/2025;761847,88;Juros; 28/11/2025 ;49,00;;;
26;26;21/12/2025;428985,75;Multa; 15/11/2025 ;0,00;;;
27;27;11/04/2025;24088,37;Principal; 11/12/2025 ;202,00;;;
28;28;12/03/2025;337810,45;Juros; 05/11/2025 ;232,00;;;
29;29;12/06/2025;460603,07;Principal; 01/11/2025 ;140,00;;;
30;30;14/12/2025;878607,28;Juros; 15/12/2025 ;0,00;;;
31;31;12/02/2025;912662,56;Multa; 07/11/2025 ;260,00;;;
32;32;16/12/2025;247700,93;Principal; 17/11/2025 ;0,00;;;
33;33;18/12/2025;109649,79;Multa; 22/12/2025 ;0,00;;;
34;34;30/11/2025;479056,65;Multa; 25/11/2025 ;0,00;;;
35;35;31/10/2025;322255,71;Multa; 16/12/2025 ;0,00;;;
36;36;15/12/2025;613952,75;Principal; 15/12/2025 ;0,00;;;
37;37;12/01/2025;609324,02;Juros; 17/12/2025 ;291,00;;;
38;38;11/11/2025;264299,52;Juros; 20/12/2025 ;0,00;;;
39;39;23/12/2025;405394,07;Juros; 16/12/2025 ;0,00;;;
40;40;12/11/2025;359545,89;Multa; 24/12/2025 ;0,00;;;
41;41;12/06/2025;30278,92;Principal; 24/12/2025 ;140,00;;;
42;42;23/11/2025;326042,02;Principal; 13/11/2025 ;0,00;;;
43;43;19/11/2025;977562,68;Juros; 14/11/2025 ;0,00;;;
44;44;18/12/2025;561243,27;Multa; 21/11/2025 ;0,00;;;
45;45;12/03/2025;397305,99;Juros; 08/11/2025 ;232,00;;;
46;46;24/11/2025;694254,47;Juros; 26/12/2025 ;0,00;;;
47;47;16/11/2025;116726,69;Multa; 21/12/2025 ;0,00;;;
48;48;24/12/2025;591155,59;Juros; 17/11/2025 ;0,00;;;
49;49;20/12/2025;430609,70;Principal; 26/12/2025 ;0,00;;;
50;50;17/11/2025;993277,42;Principal; 11/11/2025 ;0,00;;;
51;51;11/04/2025;726137,72;Multa; 26/12/2025 ;202,00;;;
52;52;27/11/2025;515692,99;Multa; 16/11/2025 ;0,00;;;
53;53;28/12/2025;20858,11;Multa; 15/11/2025 ;0,00;;;
54;54;11/08/2025;380874,01;Multa; 30/10/2025 ;80,00;;;
55;55;29/11/2025;219108,55;Principal; 06/12/2025 ;0,00;;;
56;56;12/02/2025;197155,22;Juros; 21/11/2025 ;260,00;;;
57;57;12/11/2025;876316,21;Principal; 27/11/2025 ;0,00;;;
58;58;30/11/2025;158728,57;Juros; 08/12/2025 ;0,00;;;
59;59;12/01/2025;523288,61;Juros; 01/12/2025 ;291,00;;;
60;60;11/06/2025;52093,77;Multa; 23/12/2025 ;141,00;;;
61;61;25/11/2025;513280,27;Multa; 19/12/2025 ;0,00;;;
62;62;12/09/2025;13396,82;Juros; 01/12/2025 ;48,00;;;
63;63;12/09/2025;908581,98;Juros; 04/11/2025 ;48,00;;;
64;64;16/12/2025;380390,02;Juros; 18/12/2025 ;0,00;;;
65;65;29/10/2025;704122,02;Multa; 13/11/2025 ;1,00;;;
66;66;15/11/2025;709429,21;Juros; 28/11/2025 ;0,00;;;
67;67;16/11/2025;206409,81;Multa; 16/12/2025 ;0,00;;;
68;68;20/12/2025;735294,05;Multa; 05/11/2025 ;0,00;;;
69;69;12/06/2025;706612,55;Multa; 13/11/2025 ;140,00;;;
70;70;12/12/2025;874422,21;Multa; 31/10/2025 ;0,00;;;
71;71;24/11/2025;471353,63;Multa; 01/11/2025 ;0,00;;;
72;72;19/12/2025;855572,48;Multa; 05/12/2025 ;0,00;;;
73;73;11/12/2025;523914,40;Juros; 21/11/2025 ;0,00;;;
74;74;29/10/2025;286775,42;Principal; 05/12/2025 ;1,00;;;
75;75;12/05/2025;328617,93;Juros; 24/12/2025 ;171,00;;;
76;76;25/12/2025;505596,97;Principal; 08/11/2025 ;0,00;;;
77;77;22/11/2025;875393,01;Juros; 14/12/2025 ;0,00;;;
78;78;11/09/2025;988142,51;Principal; 18/12/2025 ;49,00;;;
79;79;20/11/2025;136117,17;Multa; 11/12/2025 ;0,00;;;
80;80;23/12/2025;690562,79;Multa; 03/12/2025 ;0,00;;;
81;81;11/04/2025;838199,87;Juros; 21/11/2025 ;202,00;;;
82;82;30/10/2025;874859,93;Juros; 10/11/2025 ;0,00;;;
83;83;26/11/2025;73650,68;Multa; 27/11/2025 ;0,00;;;
84;84;12/05/2025;127167,22;Multa; 04/11/2025 ;171,00;;;
85;85;11/07/2025;705300,01;Juros; 08/12/2025 ;111,00;;;
86;86;29/10/2025;314528,67;Principal; 05/11/2025 ;1,00;;;
87;87;20/12/2025;753186,86;Juros; 23/12/2025 ;0,00;;;
88;88;11/05/2025;653364,10;Multa; 21/12/2025 ;172,00;;;
89;89;11/09/2025;762506,31;Juros; 26/12/2025 ;49,00;;;
90;90;12/01/2025;405979,16;Multa; 01/12/2025 ;291,00;;;
91;91;17/11/2025;144588,64;Multa; 31/10/2025 ;0,00;;;
92;92;11/04/2025;741679,37;Principal; 03/12/2025 ;202,00;;;
93;93;13/12/2025;49821,35;Principal; 10/11/2025 ;0,00;;;
94;94;25/11/2025;244853,62;Principal; 19/12/2025 ;0,00;;;
95;95;18/12/2025;667965,25;Juros; 22/11/2025 ;0,00;;;
96;96;29/10/2025;398271,84;Principal; 18/12/2025 ;1,00;;;
97;97;12/07/2025;642583,32;Principal; 11/11/2025 ;110,00;;;
98;98;16/12/2025;225150,69;Multa; 14/11/2025 ;0,00;;;
99;99;28/12/2025;44271,30;Principal; 11/12/2025 ;0,00;;;
100;100;29/11/2025;616648,71;Multa; 25/11/2025 ;0,00;;;
101;101;12/04/2025;365381,29;Principal; 18/11/2025 ;201,00;;;
102;102;11/10/2025;83527,33;Principal; 26/11/2025 ;19,00;;;
103;103;11/05/2025;680776,53;Principal; 20/12/2025 ;172,00;;;
104;104;11/10/2025;982368,49;Principal; 28/11/2025 ;19,00;;;
105;105;12/12/2025;513305,63;Principal; 31/10/2025 ;0,00;;;
106;106;19/12/2025;369215,52;Principal; 17/11/2025 ;0,00;;;
107;107;19/11/2025;129824,99;Multa; 05/12/2025 ;0,00;;;
108;108;12/07/2025;349130,33;Principal; 08/11/2025 ;110,00;;;
109;109;11/11/2025;809564,59;Multa; 13/12/2025 ;0,00;;;
110;110;11/08/2025;211014,40;Juros; 02/11/2025 ;80,00;;;
111;111;26/12/2025;879577,05;Principal; 18/11/2025 ;0,00;;;
112;112;21/12/2025;898504,61;Juros; 23/11/2025 ;0,00;;;
113;113;30/11/2025;309793,39;Principal; 31/10/2025 ;0,00;;;
114;114;11/08/2025;298686,53;Principal; 15/12/2025 ;80,00;;;
115;115;11/11/2025;682023,39;Principal; 03/11/2025 ;0,00;;;
116;116;12/09/2025;669303,22;Multa; 07/12/2025 ;48,00;;;
117;117;29/11/2025;248065,60;Multa; 18/11/2025 ;0,00;;;
118;118;21/11/2025;584217,80;Juros; 30/10/2025 ;0,00;;;
119;119;15/11/2025;279795,16;Juros; 01/11/2025 ;0,00;;;
120;120;16/11/2025;624479,33;Multa; 13/11/2025 ;0,00;;;
121;121;13/12/2025;16798,68;Juros; 26/11/2025 ;0,00;;;
122;122;11/12/2025;984031,89;Multa; 25/12/2025 ;0,00;;;
123;123;11/05/2025;18582,10;Juros; 20/12/2025 ;172,00;;;
124;124;25/12/2025;813346,10;Principal; 28/11/2025 ;0,00;;;
125;125;24/12/2025;214346,75;Juros; 26/11/2025 ;0,00;;;
126;126;11/10/2025;516253,41;Juros; 13/12/2025 ;19,00;;;
127;127;15/11/2025;277004,14;Principal; 24/11/2025 ;0,00;;;
128;128;30/11/2025;401484,57;Juros; 26/11/2025 ;0,00;;;
129;129;27/12/2025;62466,26;Multa; 01/11/2025 ;0,00;;;
130;130;22/12/2025;660299,23;Juros; 14/11/2025 ;0,00;;;
131;131;11/06/2025;642575,21;Juros; 15/11/2025 ;141,00;;;
132;132;27/12/2025;961287,20;Principal; 11/12/2025 ;0,00;;;
133;133;25/11/2025;556477,86;Juros; 17/11/2025 ;0,00;;;
134;134;25/11/2025;197233,07;Multa; 16/11/2025 ;0,00;;;
135;135;11/04/2025;625347,79;Juros; 15/12/2025 ;202,00;;;
136;136;12/07/2025;93864,85;Multa; 26/12/2025 ;110,00;;;
137;137;12/05/2025;847170,65;Principal; 26/12/2025 ;171,00;;;
138;138;20/12/2025;906117,69;Principal; 03/11/2025 ;0,00;;;
139;139;17/11/2025;344744,19;Juros; 24/12/2025 ;0,00;;;
140;140;11/04/2025;573697,19;Juros; 11/11/2025 ;202,00;;;
141;141;22/12/2025;763318,35;Juros; 15/12/2025 ;0,00;;;
142;142;13/12/2025;232839,90;Juros; 26/12/2025 ;0,00;;;
143;143;12/04/2025;304028,07;Multa; 03/11/2025 ;201,00;;;
144;144;31/10/2025;19133,48;Multa; 09/11/2025 ;0,00;;;
145;145;17/12/2025;153028,81;Juros; 25/11/2025 ;0,00;;;
146;146;11/01/2025;728122,42;Principal; 14/12/2025 ;292,00;;;
147;147;16/11/2025;472944,94;Juros; 15/11/2025 ;0,00;;;
148;148;11/03/2025;227375,73;Juros; 20/11/2025 ;233,00;;;
149;149;12/01/2025;106557,65;Multa; 05/12/2025 ;291,00;;;
150;150;20/12/2025;280402,94;Principal; 02/11/2025 ;0,00;;;
151;151;23/11/2025;243507,92;Principal; 08/12/2025 ;0,00;;;
152;152;12/09/2025;330961,26;Juros; 14/11/2025 ;48,00;;;
153;153;12/10/2025;792417,05;Multa; 14/11/2025 ;18,00;;;
154;154;26/12/2025;782216,80;Principal; 01/11/2025 ;0,00;;;
155;155;15/11/2025;603944,77;Multa; 03/12/2025 ;0,00;;;
156;156;11/07/2025;389532,69;Principal; 11/11/2025 ;111,00;;;
157;157;21/12/2025;44034,32;Multa; 07/11/2025 ;0,00;;;
158;158;26/12/2025;644117,51;Principal; 19/11/2025 ;0,00;;;
159;159;12/11/2025;181455,73;Multa; 05/11/2025 ;0,00;;;
160;160;29/11/2025;801419,24;Juros; 21/12/2025 ;0,00;;;
161;161;12/08/2025;192820,77;Juros; 04/12/2025 ;79,00;;;
162;162;26/12/2025;680120,10;Multa; 26/12/2025 ;0,00;;;
163;163;14/11/2025;852812,90;Principal; 07/12/2025 ;0,00;;;
164;164;12/04/2025;477708,10;Juros; 17/11/2025 ;201,00;;;
165;165;11/03/2025;701153,36;Multa; 19/11/2025 ;233,00;;;
166;166;12/09/2025;945957,53;Juros; 22/11/2025 ;48,00;;;
167;167;20/12/2025;499207,30;Juros; 06/11/2025 ;0,00;;;
168;168;22/12/2025;719753,38;Multa; 17/11/2025 ;0,00;;;
169;169;29/10/2025;784112,15;Principal; 23/12/2025 ;1,00;;;
170;170;11/01/2025;850678,20;Principal; 10/12/2025 ;292,00;;;
171;171;20/12/2025;726911,59;Multa; 15/11/2025 ;0,00;;;
172;172;11/05/2025;73515,43;Juros; 15/12/2025 ;172,00;;;
173;173;21/11/2025;768442,75;Multa; 18/11/2025 ;0,00;;;
174;174;23/11/2025;744262,59;Juros; 25/12/2025 ;0,00;;;
175;175;12/08/2025;404833,67;Juros; 18/11/2025 ;79,00;;;
176;176;11/02/2025;415403,84;Principal; 31/10/2025 ;261,00;;;
177;177;25/12/2025;525861,63;Multa; 07/11/2025 ;0,00;;;
178;178;11/04/2025;198352,68;Principal; 27/11/2025 ;202,00;;;
179;179;11/01/2025;488102,93;Multa; 11/11/2025 ;292,00;;;
180;180;22/12/2025;450068,44;Multa; 22/12/2025 ;0,00;;;
181;181;17/12/2025;239554,82;Multa; 17/11/2025 ;0,00;;;
182;182;12/01/2025;104104,93;Juros; 15/12/2025 ;291,00;;;
183;183;12/02/2025;326913,34;Juros; 30/10/2025 ;260,00;;;
184;184;27/11/2025;892078,08;Principal; 17/11/2025 ;0,00;;;
185;185;30/11/2025;412506,30;Principal; 01/12/2025 ;0,00;;;
186;186;19/12/2025;561460,43;Principal; 19/11/2025 ;0,00;;;
187;187;20/11/2025;142271,94;Juros; 03/12/2025 ;0,00;;;
188;188;14/12/2025;773795,67;Principal; 10/12/2025 ;0,00;;;
189;189;17/12/2025;176298,79;Multa; 22/11/2025 ;0,00;;;
190;190;14/11/2025;614272,50;Principal; 30/11/2025 ;0,00;;;
191;191;30/11/2025;511854,13;Principal; 12/12/2025 ;0,00;;;
192;192;29/11/2025;642706,28;Principal; 06/12/2025 ;0,00;;;
193;193;15/11/2025;198783,08;Principal; 18/12/2025 ;0,00;;;
194;194;27/12/2025;360230,44;Principal; 04/11/2025 ;0,00;;;
195;195;11/06/2025;867406,68;Multa; 18/12/2025 ;141,00;;;
196;196;11/09/2025;434664,54;Multa; 14/12/2025 ;49,00;;;
197;197;23/12/2025;942519,36;Principal; 26/12/2025 ;0,00;;;
198;198;12/07/2025;941139,97;Principal; 10/11/2025 ;110,00;;;
199;199;11/06/2025;376654,76;Multa; 29/11/2025 ;141,00;;;
200;200;27/11/2025;140124,92;Multa; 26/11/2025 ;0,00;;;
201;201;12/05/2025;248576,42;Juros; 07/12/2025 ;171,00;;;
202;202;12/05/2025;496630,08;Principal; 12/11/2025 ;171,00;;;
203;203;23/12/2025;732115,15;Juros; 02/11/2025 ;0,00;;;
204;204;28/11/2025;387883,43;Multa; 30/10/2025 ;0,00;;;
205;205;20/12/2025;666434,17;Multa; 16/11/2025 ;0,00;;;
206;206;24/12/2025;154611,88;Juros; 28/11/2025 ;0,00;;;
207;207;25/12/2025;381860,47;Principal; 05/11/2025 ;0,00;;;
208;208;26/12/2025;234209,48;Juros; 02/11/2025 ;0,00;;;
209;209;30/11/2025;770486,17;Multa; 12/12/2025 ;0,00;;;
210;210;12/08/2025;170726,02;Juros; 02/12/2025 ;79,00;;;
211;211;11/11/2025;146096,21;Multa; 21/11/2025 ;0,00;;;
212;212;11/03/2025;431550,99;Principal; 04/12/2025 ;233,00;;;
213;213;28/12/2025;358172,39;Principal; 19/11/2025 ;0,00;;;
214;214;20/12/2025;683315,71;Juros; 08/11/2025 ;0,00;;;
215;215;15/11/2025;252000,52;Multa; 21/11/2025 ;0,00;;;
216;216;11/02/2025;933290,05;Principal; 28/11/2025 ;261,00;;;
217;217;12/05/2025;590622,15;Juros; 06/12/2025 ;171,00;;;
218;218;12/08/2025;499573,62;Multa; 28/11/2025 ;79,00;;;
219;219;13/11/2025;369266,00;Principal; 18/12/2025 ;0,00;;;
220;220;11/12/2025;575911,38;Juros; 11/11/2025 ;0,00;;;
221;221;14/12/2025;428460,11;Multa; 28/11/2025 ;0,00;;;
222;222;12/06/2025;113715,10;Multa; 03/11/2025 ;140,00;;;
223;223;11/11/2025;762744,95;Multa; 17/12/2025 ;0,00;;;
224;224;12/11/2025;336055,64;Juros; 10/11/2025 ;0,00;;;
225;225;19/11/2025;745500,54;Juros; 08/12/2025 ;0,00;;;
226;226;11/06/2025;329181,96;Principal; 25/12/2025 ;141,00;;;
227;227;25/11/2025;207560,86;Juros; 31/10/2025 ;0,00;;;
228;228;30/10/2025;973887,93;Multa; 27/11/2025 ;0,00;;;
229;229;11/03/2025;238391,99;Multa; 22/11/2025 ;233,00;;;
230;230;14/11/2025;755886,89;Principal; 27/11/2025 ;0,00;;;
231;231;24/12/2025;696679,82;Juros; 14/11/2025 ;0,00;;;
232;232;14/12/2025;767262,99;Multa; 28/11/2025 ;0,00;;;
233;233;25/11/2025;939131,86;Multa; 02/11/2025 ;0,00;;;
234;234;27/11/2025;937338,46;Multa; 23/12/2025 ;0,00;;;
235;235;29/11/2025;138158,50;Juros; 07/12/2025 ;0,00;;;
236;236;12/01/2025;588592,19;Multa; 07/11/2025 ;291,00;;;
237;237;14/12/2025;129174,14;Juros; 12/12/2025 ;0,00;;;
238;238;11/01/2025;40636,52;Multa; 06/12/2025 ;292,00;;;
239;239;23/11/2025;168696,24;Juros; 18/11/2025 ;0,00;;;
240;240;22/11/2025;76434,37;Multa; 08/12/2025 ;0,00;;;
241;241;11/11/2025;366412,12;Multa; 18/11/2025 ;0,00;;;
242;242;12/04/2025;33072,14;Multa; 08/11/2025 ;201,00;;;
243;243;17/11/2025;894579,17;Multa; 08/12/2025 ;0,00;;;
244;244;11/02/2025;514756,78;Principal; 13/12/2025 ;261,00;;;
245;245;30/10/2025;327333,12;Juros; 08/12/2025 ;0,00;;;
246;246;30/10/2025;110203,13;Multa; 12/12/2025 ;0,00;;;
247;247;11/06/2025;257269,58;Principal; 24/12/2025 ;141,00;;;
248;248;19/12/2025;153004,15;Multa; 25/12/2025 ;0,00;;;
249;249;25/12/2025;818671,83;Multa; 26/12/2025 ;0,00;;;
250;250;27/11/2025;407777,36;Multa; 22/11/2025 ;0,00;;;
251;251;12/06/2025;498897,90;Juros; 30/11/2025 ;140,00;;;
252;252;11/02/2025;129875,00;Juros; 21/11/2025 ;261,00;;;
253;253;22/12/2025;62063,65;Multa; 20/11/2025 ;0,00;;;
254;254;18/11/2025;784300,91;Multa; 17/11/2025 ;0,00;;;
255;255;26/11/2025;398158,79;Principal; 13/11/2025 ;0,00;;;
256;256;13/11/2025;445399,83;Principal; 17/12/2025 ;0,00;;;
257;257;29/10/2025;417138,46;Juros; 13/11/2025 ;1,00;;;
258;258;30/10/2025;160064,52;Juros; 18/11/2025 ;0,00;;;
259;259;24/12/2025;437376,79;Juros; 28/11/2025 ;0,00;;;
260;260;12/11/2025;868923,04;Juros; 19/11/2025 ;0,00;;;
261;261;12/09/2025;447780,60;Multa; 01/11/2025 ;48,00;;;
262;262;19/11/2025;22965,01;Juros; 13/12/2025 ;0,00;;;
263;263;16/12/2025;444635,36;Multa; 18/12/2025 ;0,00;;;
264;264;26/11/2025;806071,63;Juros; 26/11/2025 ;0,00;;;
265;265;12/09/2025;724206,96;Juros; 01/11/2025 ;48,00;;;
266;266;30/10/2025;490650,75;Multa; 23/11/2025 ;0,00;;;
267;267;20/11/2025;346524,29;Multa; 13/11/2025 ;0,00;;;
268;268;11/08/2025;105755,99;Multa; 30/10/2025 ;80,00;;;
269;269;21/12/2025;253689,69;Multa; 06/12/2025 ;0,00;;;
270;270;19/11/2025;903864,02;Multa; 01/11/2025 ;0,00;;;
271;271;12/03/2025;23030,36;Principal; 14/11/2025 ;232,00;;;
272;272;12/11/2025;987905,61;Juros; 28/11/2025 ;0,00;;;
273;273;17/11/2025;754079,83;Juros; 15/12/2025 ;0,00;;;
274;274;29/11/2025;179320,49;Juros; 06/11/2025 ;0,00;;;
275;275;25/12/2025;132238,66;Principal; 25/12/2025 ;0,00;;;
276;276;12/04/2025;913855,21;Principal; 24/12/2025 ;201,00;;;
277;277;29/10/2025;421123,86;Juros; 02/12/2025 ;1,00;;;
278;278;12/10/2025;136015,76;Principal; 03/11/2025 ;18,00;;;
279;279;26/11/2025;107035,88;Juros; 06/11/2025 ;0,00;;;
280;280;13/12/2025;234466,35;Multa; 08/12/2025 ;0,00;;;
281;281;12/04/2025;328507,74;Multa; 13/12/2025 ;201,00;;;
282;282;13/11/2025;747886,16;Juros; 07/12/2025 ;0,00;;;
283;283;25/12/2025;602705,00;Principal; 09/12/2025 ;0,00;;;
284;284;12/08/2025;875127,18;Principal; 07/11/2025 ;79,00;;;
285;285;11/12/2025;795763,08;Multa; 12/12/2025 ;0,00;;;
286;286;26/12/2025;55027,01;Juros; 18/11/2025 ;0,00;;;
287;287;21/11/2025;92457,27;Juros; 10/11/2025 ;0,00;;;
288;288;24/11/2025;910819,12;Juros; 22/11/2025 ;0,00;;;
289;289;12/08/2025;36984,24;Multa; 03/11/2025 ;79,00;;;
290;290;11/10/2025;288403,71;Multa; 28/11/2025 ;19,00;;;
291;291;27/12/2025;359278,03;Juros; 15/12/2025 ;0,00;;;
292;292;24/11/2025;429482,42;Multa; 24/12/2025 ;0,00;;;
293;293;11/08/2025;417142,32;Juros; 04/11/2025 ;80,00;;;
294;294;12/01/2025;36313,17;Juros; 11/12/2025 ;291,00;;;
295;295;11/03/2025;732202,81;Multa; 18/12/2025 ;233,00;;;
296;296;26/11/2025;236958,39;Multa; 11/11/2025 ;0,00;;;
297;297;11/02/2025;642434,71;Multa; 31/10/2025 ;261,00;;;
298;298;18/11/2025;892681,18;Juros; 07/11/2025 ;0,00;;;
299;299;26/12/2025;568981,82;Multa; 10/11/2025 ;0,00;;;
300;300;19/12/2025;754969,16;Juros; 04/12/2025 ;0,00;;;
301;301;12/02/2025;48137,00;Juros; 02/11/2025 ;260,00;;;
302;302;23/11/2025;71636,62;Principal; 15/12/2025 ;0,00;;;
303;303;11/04/2025;260701,57;Juros; 20/12/2025 ;202,00;;;
304;304;12/01/2025;550505,24;Juros; 10/11/2025 ;291,00;;;
305;305;24/11/2025;507586,39;Juros; 22/12/2025 ;0,00;;;
306;306;22/12/2025;924807,74;Principal; 06/11/2025 ;0,00;;;
307;307;21/11/2025;584026,72;Principal; 11/12/2025 ;0,00;;;
308;308;19/11/2025;405143,33;Multa; 17/12/2025 ;0,00;;;
309;309;15/12/2025;627456,46;Multa; 09/11/2025 ;0,00;;;
310;310;12/09/2025;515602,45;Multa; 19/11/2025 ;48,00;;;
311;311;27/11/2025;661532,08;Juros; 08/11/2025 ;0,00;;;
312;312;11/12/2025;926678,50;Juros; 22/11/2025 ;0,00;;;
313;313;28/12/2025;154903,26;Principal; 15/11/2025 ;0,00;;;
314;314;12/12/2025;341845,84;Principal; 09/11/2025 ;0,00;;;
315;315;11/06/2025;672669,43;Multa; 02/11/2025 ;141,00;;;
316;316;11/01/2025;411428,97;Principal; 02/11/2025 ;292,00;;;
317;317;15/11/2025;786603,12;Principal; 26/11/2025 ;0,00;;;
318;318;16/12/2025;607040,23;Principal; 14/11/2025 ;0,00;;;
319;319;17/11/2025;490918,39;Juros; 26/11/2025 ;0,00;;;
320;320;11/02/2025;926400,74;Juros; 02/11/2025 ;261,00;;;
321;321;12/05/2025;428191,46;Juros; 25/11/2025 ;171,00;;;
322;322;12/08/2025;764473,52;Principal; 10/12/2025 ;79,00;;;
323;323;12/12/2025;538571,90;Juros; 03/11/2025 ;0,00;;;
324;324;12/08/2025;624960,96;Juros; 08/12/2025 ;79,00;;;
325;325;12/04/2025;851722,78;Multa; 03/11/2025 ;201,00;;;
326;326;19/12/2025;278189,11;Principal; 05/11/2025 ;0,00;;;
327;327;13/11/2025;551861,59;Principal; 21/12/2025 ;0,00;;;
328;328;12/02/2025;156044,25;Principal; 10/12/2025 ;260,00;;;
329;329;17/12/2025;459280,23;Principal; 17/12/2025 ;0,00;;;
330;330;12/01/2025;938624,76;Principal; 17/12/2025 ;291,00;;;
331;331;24/12/2025;707213,70;Juros; 20/11/2025 ;0,00;;;
332;332;28/12/2025;37475,12;Multa; 06/11/2025 ;0,00;;;
333;333;21/12/2025;148057,37;Principal; 18/12/2025 ;0,00;;;
334;334;11/10/2025;474429,77;Principal; 12/11/2025 ;19,00;;;
335;335;22/11/2025;768493,36;Principal; 31/10/2025 ;0,00;;;
336;336;13/11/2025;479866,27;Multa; 03/11/2025 ;0,00;;;
337;337;13/12/2025;768568,39;Principal; 15/11/2025 ;0,00;;;
338;338;12/04/2025;733697,90;Multa; 14/12/2025 ;201,00;;;
339;339;11/10/2025;839040,15;Juros; 12/11/2025 ;19,00;;;
340;340;28/12/2025;752377,70;Principal; 13/12/2025 ;0,00;;;
341;341;22/12/2025;191904,35;Juros; 30/11/2025 ;0,00;;;
342;342;20/12/2025;59547,29;Multa; 14/12/2025 ;0,00;;;
343;343;28/12/2025;990324,84;Multa; 02/12/2025 ;0,00;;;
344;344;11/05/2025;888813,23;Multa; 28/11/2025 ;172,00;;;
345;345;25/11/2025;693950,03;Principal; 02/11/2025 ;0,00;;;
346;346;14/12/2025;875538,77;Juros; 17/12/2025 ;0,00;;;
347;347;20/11/2025;231849,46;Juros; 27/11/2025 ;0,00;;;
348;348;17/12/2025;485055,45;Multa; 11/12/2025 ;0,00;;;
349;349;11/03/2025;790037,52;Multa; 29/11/2025 ;233,00;;;
350;350;28/11/2025;843918,04;Juros; 07/11/2025 ;0,00;;;
351;351;12/02/2025;795227,19;Juros; 18/11/2025 ;260,00;;;
352;352;22/11/2025;668233,49;Principal; 16/12/2025 ;0,00;;;
353;353;12/08/2025;759264,25;Juros; 01/11/2025 ;79,00;;;
354;354;12/11/2025;65801,47;Principal; 17/11/2025 ;0,00;;;
355;355;25/11/2025;260725,39;Juros; 25/12/2025 ;0,00;;;
356;356;17/11/2025;433466,40;Multa; 12/12/2025 ;0,00;;;
357;357;19/11/2025;973902,35;Principal; 29/11/2025 ;0,00;;;
358;358;21/12/2025;862713,44;Multa; 07/12/2025 ;0,00;;;
359;359;26/12/2025;464839,69;Principal; 19/12/2025 ;0,00;;;
360;360;18/11/2025;689991,53;Multa; 28/11/2025 ;0,00;;;
361;361;29/10/2025;337765,13;Principal; 20/11/2025 ;1,00;;;
362;362;18/11/2025;603257,72;Multa; 12/11/2025 ;0,00;;;
363;363;11/07/2025;367093,48;Multa; 13/12/2025 ;111,00;;;
364;364;12/08/2025;411958,42;Principal; 25/11/2025 ;79,00;;;
365;365;19/12/2025;518308,65;Juros; 09/12/2025 ;0,00;;;
366;366;27/11/2025;998640,48;Principal; 03/12/2025 ;0,00;;;
367;367;31/10/2025;163550,07;Juros; 16/12/2025 ;0,00;;;
368;368;15/12/2025;32982,87;Juros; 14/11/2025 ;0,00;;;
369;369;12/02/2025;830392,26;Juros; 12/11/2025 ;260,00;;;
370;370;11/12/2025;644875,61;Principal; 29/11/2025 ;0,00;;;
371;371;11/08/2025;770203,91;Multa; 03/11/2025 ;80,00;;;
372;372;12/07/2025;31057,52;Multa; 11/12/2025 ;110,00;;;
373;373;12/04/2025;546215,05;Multa; 06/11/2025 ;201,00;;;
374;374;21/12/2025;498117,19;Principal; 19/11/2025 ;0,00;;;
375;375;23/12/2025;507191,50;Multa; 03/11/2025 ;0,00;;;
376;376;11/01/2025;529096,43;Juros; 09/12/2025 ;292,00;;;
377;377;12/10/2025;355087,33;Principal; 18/12/2025 ;18,00;;;
378;378;27/11/2025;309237,06;Multa; 06/11/2025 ;0,00;;;
379;379;11/03/2025;944859,90;Juros; 04/12/2025 ;233,00;;;
380;380;12/01/2025;815109,91;Multa; 07/12/2025 ;291,00;;;
381;381;26/12/2025;416363,45;Multa; 04/11/2025 ;0,00;;;
382;382;17/11/2025;693378,40;Principal; 19/11/2025 ;0,00;;;
383;383;12/06/2025;939790,67;Juros; 18/12/2025 ;140,00;;;
384;384;12/01/2025;363676,13;Principal; 03/11/2025 ;291,00;;;
385;385;30/11/2025;77147,15;Juros; 01/11/2025 ;0,00;;;
386;386;12/11/2025;184027,77;Juros; 11/11/2025 ;0,00;;;
387;387;15/11/2025;957044,79;Juros; 01/11/2025 ;0,00;;;
388;388;20/12/2025;909312,50;Multa; 02/12/2025 ;0,00;;;
389;389;11/08/2025;668977,22;Principal; 10/12/2025 ;80,00;;;
390;390;25/12/2025;550198,57;Multa; 15/11/2025 ;0,00;;;
391;391;30/10/2025;733088,11;Juros; 09/12/2025 ;0,00;;;
392;392;12/04/2025;620230,39;Juros; 21/11/2025 ;201,00;;;
393;393;19/11/2025;489479,78;Juros; 15/12/2025 ;0,00;;;
394;394;29/10/2025;821530,98;Multa; 16/12/2025 ;1,00;;;
395;395;13/11/2025;229161,58;Juros; 04/12/2025 ;0,00;;;
396;396;12/06/2025;614634,16;Multa; 11/12/2025 ;140,00;;;
397;397;21/11/2025;12417,87;Multa; 06/11/2025 ;0,00;;;
398;398;21/12/2025;977695,22;Multa; 06/12/2025 ;0,00;;;
399;399;11/11/2025;152163,21;Multa; 14/11/2025 ;0,00;;;
400;400;19/11/2025;975170,68;Principal; 18/11/2025 ;0,00;;;
401;401;21/11/2025;113955,96;Juros; 04/12/2025 ;0,00;;;
402;402;12/01/2025;624574,14;Multa; 08/12/2025 ;291,00;;;
403;403;11/10/2025;190238,43;Juros; 19/11/2025 ;19,00;;;
404;404;23/12/2025;14233,44;Principal; 25/11/2025 ;0,00;;;
405;405;12/04/2025;916872,15;Juros; 28/11/2025 ;201,00;;;
406;406;20/12/2025;642961,48;Principal; 24/11/2025 ;0,00;;;
407;407;11/06/2025;354421,57;Multa; 01/11/2025 ;141,00;;;
408;408;17/12/2025;576283,18;Juros; 15/11/2025 ;0,00;;;
409;409;29/10/2025;715299,73;Juros; 06/12/2025 ;1,00;;;
410;410;14/11/2025;345983,06;Multa; 01/11/2025 ;0,00;;;
411;411;12/06/2025;765722,23;Juros; 15/12/2025 ;140,00;;;
412;412;27/12/2025;22691,53;Juros; 26/12/2025 ;0,00;;;
413;413;11/02/2025;311772,22;Juros; 02/12/2025 ;261,00;;;
414;414;11/04/2025;497340,08;Multa; 04/11/2025 ;202,00;;;
415;415;11/12/2025;547004,97;Principal; 28/11/2025 ;0,00;;;
416;416;12/03/2025;976062,05;Multa; 04/11/2025 ;232,00;;;
417;417;12/07/2025;559353,98;Juros; 17/11/2025 ;110,00;;;
418;418;16/11/2025;493862,35;Principal; 16/11/2025 ;0,00;;;
419;419;24/11/2025;150384,42;Multa; 12/12/2025 ;0,00;;;
420;420;28/11/2025;150607,80;Multa; 14/11/2025 ;0,00;;;
421;421;19/12/2025;645996,68;Juros; 19/11/2025 ;0,00;;;
422;422;12/02/2025;805512,90;Juros; 27/11/2025 ;260,00;;;
423;423;20/11/2025;39875,37;Principal; 28/11/2025 ;0,00;;;
424;424;12/10/2025;561537,52;Principal; 06/11/2025 ;18,00;;;
425;425;12/01/2025;91976,51;Juros; 25/11/2025 ;291,00;;;
426;426;29/11/2025;901565,41;Principal; 28/11/2025 ;0,00;;;
427;427;14/12/2025;379855,09;Juros; 05/12/2025 ;0,00;;;
428;428;16/12/2025;751365,22;Principal; 16/11/2025 ;0,00;;;
429;429;28/11/2025;11290,69;Multa; 25/12/2025 ;0,00;;;
430;430;21/12/2025;913101,45;Multa; 20/11/2025 ;0,00;;;
431;431;24/11/2025;682378,02;Principal; 26/11/2025 ;0,00;;;
432;432;12/09/2025;992443,95;Juros; 07/11/2025 ;48,00;;;
433;433;24/11/2025;636611,55;Juros; 26/11/2025 ;0,00;;;
434;434;25/12/2025;48504,12;Juros; 19/11/2025 ;0,00;;;
435;435;12/01/2025;512494,06;Juros; 01/12/2025 ;291,00;;;
436;436;11/01/2025;435222,69;Principal; 12/12/2025 ;292,00;;;
437;437;25/11/2025;858446,69;Juros; 30/11/2025 ;0,00;;;
438;438;12/09/2025;779422,81;Juros; 03/11/2025 ;48,00;;;
439;439;15/12/2025;103810,19;Multa; 23/11/2025 ;0,00;;;
440;440;12/11/2025;923141,48;Juros; 17/12/2025 ;0,00;;;
441;441;17/11/2025;242084,97;Principal; 26/12/2025 ;0,00;;;
442;442;20/11/2025;661451,14;Multa; 07/12/2025 ;0,00;;;
443;443;11/09/2025;588160,57;Juros; 15/12/2025 ;49,00;;;
444;444;12/12/2025;669266,45;Principal; 30/11/2025 ;0,00;;;
445;445;20/11/2025;739717,07;Principal; 13/11/2025 ;0,00;;;
446;446;20/11/2025;66685,67;Juros; 02/11/2025 ;0,00;;;
447;447;12/04/2025;895294,97;Multa; 10/12/2025 ;201,00;;;
448;448;12/09/2025;845876,87;Principal; 04/12/2025 ;48,00;;;
449;449;29/11/2025;713080,05;Juros; 11/12/2025 ;0,00;;;
450;450;15/11/2025;487175,35;Juros; 03/11/2025 ;0,00;;;
451;451;21/11/2025;775219,74;Principal; 04/11/2025 ;0,00;;;
452;452;11/08/2025;642377,30;Juros; 24/11/2025 ;80,00;;;
453;453;21/12/2025;751635,89;Multa; 07/11/2025 ;0,00;;;
454;454;11/12/2025;721998,82;Multa; 04/12/2025 ;0,00;;;
455;455;17/12/2025;707867,75;Multa; 05/11/2025 ;0,00;;;
456;456;25/11/2025;638731,41;Principal; 30/11/2025 ;0,00;;;
457;457;18/12/2025;882585,26;Multa; 05/12/2025 ;0,00;;;
458;458;12/09/2025;964919,90;Juros; 01/11/2025 ;48,00;;;
459;459;11/07/2025;934527,42;Multa; 09/11/2025 ;111,00;;;
460;460;13/11/2025;676501,18;Multa; 10/12/2025 ;0,00;;;
461;461;22/11/2025;828181,64;Principal; 27/11/2025 ;0,00;;;
462;462;25/11/2025;927891,08;Principal; 24/12/2025 ;0,00;;;
463;463;12/10/2025;50665,82;Juros; 25/12/2025 ;18,00;;;
464;464;11/04/2025;495314,11;Juros; 18/11/2025 ;202,00;;;
465;465;11/12/2025;307768,34;Multa; 22/11/2025 ;0,00;;;
466;466;15/12/2025;887385,63;Juros; 11/11/2025 ;0,00;;;
467;467;26/12/2025;103892,62;Juros; 14/11/2025 ;0,00;;;
468;468;29/11/2025;875311,79;Multa; 07/12/2025 ;0,00;;;
469;469;12/04/2025;583719,04;Multa; 18/11/2025 ;201,00;;;
470;470;14/12/2025;859214,22;Multa; 05/12/2025 ;0,00;;;
471;471;22/11/2025;991619,58;Principal; 15/11/2025 ;0,00;;;
472;472;15/12/2025;87528,70;Juros; 02/12/2025 ;0,00;;;
473;473;12/09/2025;811661,02;Principal; 18/12/2025 ;48,00;;;
474;474;30/10/2025;757653,32;Juros; 18/11/2025 ;0,00;;;
475;475;13/11/2025;900826,34;Multa; 16/12/2025 ;0,00;;;
476;476;19/12/2025;668189,31;Multa; 21/11/2025 ;0,00;;;
477;477;24/12/2025;487560,43;Principal; 13/12/2025 ;0,00;;;
478;478;25/12/2025;236240,34;Principal; 17/12/2025 ;0,00;;;
479;479;27/11/2025;44506,76;Juros; 23/12/2025 ;0,00;;;
480;480;23/12/2025;154815,04;Multa; 26/11/2025 ;0,00;;;
481;481;11/04/2025;831808,14;Juros; 19/12/2025 ;202,00;;;
482;482;12/05/2025;375629,10;Multa; 24/12/2025 ;171,00;;;
483;483;15/12/2025;134738,17;Principal; 06/11/2025 ;0,00;;;
484;484;12/09/2025;809211,89;Multa; 29/11/2025 ;48,00;;;
485;485;12/06/2025;796452,46;Juros; 20/12/2025 ;140,00;;;
486;486;19/11/2025;11188,97;Multa; 24/11/2025 ;0,00;;;
487;487;12/09/2025;240740,58;Principal; 16/11/2025 ;48,00;;;
488;488;21/12/2025;539047,52;Principal; 19/12/2025 ;0,00;;;
489;489;28/11/2025;425764,93;Multa; 20/11/2025 ;0,00;;;
490;490;26/11/2025;215291,90;Principal; 19/11/2025 ;0,00;;;
491;491;12/01/2025;441082,34;Principal; 09/12/2025 ;291,00;;;
492;492;12/05/2025;899611,18;Juros; 12/11/2025 ;171,00;;;
493;493;26/11/2025;949064,76;Multa; 01/12/2025 ;0,00;;;
494;494;26/11/2025;383949,36;Multa; 22/12/2025 ;0,00;;;
495;495;18/11/2025;557456,55;Principal; 26/11/2025 ;0,00;;;
496;496;20/12/2025;215312,14;Principal; 05/11/2025 ;0,00;;;
497;497;12/02/2025;99350,16;Principal; 04/12/2025 ;260,00;;;
498;498;11/06/2025;930090,89;Juros; 06/12/2025 ;141,00;;;
499;499;20/11/2025;884444,58;Multa; 19/12/2025 ;0,00;;;
500;500;29/11/2025;750828,13;Juros; 23/12/2025 ;0,00;;;
501;501;17/12/2025;303450,45;Juros; 25/12/2025 ;0,00;;;
502;502;18/12/2025;617320,06;Multa; 05/12/2025 ;0,00;;;
503;503;16/12/2025;135552,49;Juros; 20/12/2025 ;0,00;;;
504;504;12/07/2025;310712,19;Multa; 14/12/2025 ;110,00;;;
505;505;24/12/2025;296258,75;Principal; 04/12/2025 ;0,00;;;
506;506;30/11/2025;299929,33;Principal; 01/11/2025 ;0,00;;;
507;507;30/11/2025;566541,20;Principal; 07/11/2025 ;0,00;;;
508;508;20/12/2025;604487,58;Principal; 25/11/2025 ;0,00;;;
509;509;26/12/2025;418528,24;Principal; 26/11/2025 ;0,00;;;
510;510;11/10/2025;35117,99;Juros; 21/11/2025 ;19,00;;;
511;511;20/11/2025;300091,96;Multa; 23/12/2025 ;0,00;;;
512;512;14/11/2025;975642,31;Juros; 25/12/2025 ;0,00;;;
513;513;13/12/2025;886883,30;Principal; 01/12/2025 ;0,00;;;
514;514;15/11/2025;126886,71;Juros; 03/11/2025 ;0,00;;;
515;515;29/11/2025;44801,80;Principal; 20/12/2025 ;0,00;;;
516;516;30/10/2025;445719,03;Multa; 05/11/2025 ;0,00;;;
517;517;26/11/2025;338482,76;Juros; 12/12/2025 ;0,00;;;
518;518;17/12/2025;224664,64;Principal; 28/11/2025 ;0,00;;;
519;519;29/10/2025;232456,85;Juros; 25/12/2025 ;1,00;;;
520;520;29/10/2025;325698,02;Juros; 12/11/2025 ;1,00;;;
521;521;12/04/2025;90410,71;Principal; 22/11/2025 ;201,00;;;
522;522;11/04/2025;380787,33;Juros; 31/10/2025 ;202,00;;;
523;523;11/12/2025;959196,95;Principal; 12/11/2025 ;0,00;;;
524;524;11/07/2025;844198,63;Multa; 08/11/2025 ;111,00;;;
525;525;12/07/2025;91236,82;Principal; 11/11/2025 ;110,00;;;
526;526;11/12/2025;972880,04;Multa; 18/11/2025 ;0,00;;;
527;527;29/10/2025;407041,74;Juros; 13/11/2025 ;1,00;;;
528;528;29/11/2025;178884,49;Principal; 30/10/2025 ;0,00;;;
529;529;19/11/2025;195120,11;Multa; 05/11/2025 ;0,00;;;
530;530;21/11/2025;332779,98;Principal; 17/12/2025 ;0,00;;;
531;531;16/11/2025;598328,80;Multa; 30/10/2025 ;0,00;;;
532;532;12/08/2025;761409,43;Multa; 08/11/2025 ;79,00;;;
533;533;12/01/2025;954139,66;Juros; 02/12/2025 ;291,00;;;
534;534;17/11/2025;500336,65;Multa; 25/12/2025 ;0,00;;;
535;535;29/11/2025;924459,44;Principal; 26/11/2025 ;0,00;;;
536;536;11/03/2025;418598,51;Multa; 20/11/2025 ;233,00;;;
537;537;11/07/2025;636176,17;Principal; 10/11/2025 ;111,00;;;
538;538;13/12/2025;252941,39;Principal; 16/12/2025 ;0,00;;;
539;539;28/12/2025;231368,32;Juros; 12/11/2025 ;0,00;;;
540;540;18/12/2025;197533,95;Juros; 10/11/2025 ;0,00;;;
541;541;11/03/2025;814492,00;Principal; 18/12/2025 ;233,00;;;
542;542;29/10/2025;118114,71;Juros; 19/11/2025 ;1,00;;;
543;543;12/12/2025;239351,29;Multa; 06/11/2025 ;0,00;;;
544;544;11/05/2025;394284,63;Juros; 11/12/2025 ;172,00;;;
545;545;12/04/2025;135829,54;Juros; 14/12/2025 ;201,00;;;
546;546;11/11/2025;49227,38;Juros; 25/12/2025 ;0,00;;;
547;547;13/11/2025;499850,28;Multa; 12/12/2025 ;0,00;;;
548;548;14/11/2025;82045,91;Juros; 11/11/2025 ;0,00;;;
549;549;21/12/2025;840021,49;Principal; 25/11/2025 ;0,00;;;
550;550;16/12/2025;500039,52;Multa; 28/11/2025 ;0,00;;;
551;551;11/01/2025;645130,25;Principal; 19/11/2025 ;292,00;;;
552;552;24/11/2025;755667,43;Principal; 14/12/2025 ;0,00;;;
553;553;29/11/2025;87727,63;Principal; 13/12/2025 ;0,00;;;
554;554;14/12/2025;382456,73;Principal; 29/11/2025 ;0,00;;;
555;555;11/02/2025;986524,26;Multa; 01/11/2025 ;261,00;;;
556;556;15/12/2025;855020,49;Juros; 21/11/2025 ;0,00;;;
557;557;21/12/2025;423880,48;Multa; 21/11/2025 ;0,00;;;
558;558;12/07/2025;423019,03;Principal; 04/12/2025 ;110,00;;;
559;559;27/12/2025;578166,52;Principal; 12/11/2025 ;0,00;;;
560;560;23/12/2025;967050,83;Multa; 02/12/2025 ;0,00;;;
561;561;11/06/2025;314301,04;Juros; 12/11/2025 ;141,00;;;
562;562;17/12/2025;447435,35;Multa; 22/11/2025 ;0,00;;;
563;563;13/12/2025;552844,37;Multa; 01/11/2025 ;0,00;;;
564;564;11/10/2025;712828,78;Multa; 09/11/2025 ;19,00;;;
565;565;11/05/2025;246213,13;Multa; 01/12/2025 ;172,00;;;
566;566;11/11/2025;315993,20;Principal; 13/11/2025 ;0,00;;;
567;567;11/02/2025;494804,93;Multa; 06/12/2025 ;261,00;;;
568;568;12/12/2025;139514,71;Multa; 14/11/2025 ;0,00;;;
569;569;12/05/2025;661860,43;Principal; 18/11/2025 ;171,00;;;
570;570;20/11/2025;928569,37;Principal; 16/11/2025 ;0,00;;;
571;571;11/04/2025;77082,82;Multa; 20/11/2025 ;202,00;;;
572;572;17/11/2025;93198,40;Principal; 03/12/2025 ;0,00;;;
573;573;13/11/2025;100362,45;Principal; 10/11/2025 ;0,00;;;
574;574;12/07/2025;806545,27;Juros; 05/12/2025 ;110,00;;;
575;575;27/11/2025;113670,06;Principal; 26/11/2025 ;0,00;;;
576;576;16/11/2025;687769,22;Multa; 22/12/2025 ;0,00;;;
577;577;12/07/2025;684965,46;Juros; 03/11/2025 ;110,00;;;
578;578;11/07/2025;649357,34;Juros; 21/12/2025 ;111,00;;;
579;579;12/06/2025;770887,93;Juros; 11/12/2025 ;140,00;;;
580;580;23/11/2025;905137,40;Principal; 26/11/2025 ;0,00;;;
581;581;14/11/2025;977264,68;Juros; 23/11/2025 ;0,00;;;
582;582;12/02/2025;371902,79;Principal; 02/11/2025 ;260,00;;;
583;583;26/12/2025;504449,09;Principal; 14/11/2025 ;0,00;;;
584;584;11/06/2025;339132,29;Multa; 09/11/2025 ;141,00;;;
585;585;11/07/2025;989152,82;Juros; 27/11/2025 ;111,00;;;
586;586;17/11/2025;186476,82;Principal; 22/11/2025 ;0,00;;;
587;587;12/07/2025;170168,84;Juros; 12/12/2025 ;110,00;;;
588;588;27/12/2025;882410,75;Multa; 19/11/2025 ;0,00;;;
589;589;15/12/2025;491311,64;Juros; 26/12/2025 ;0,00;;;
590;590;25/12/2025;621706,24;Multa; 10/11/2025 ;0,00;;;
591;591;26/11/2025;193431,58;Multa; 05/11/2025 ;0,00;;;
592;592;20/12/2025;236577,41;Principal; 10/12/2025 ;0,00;;;
593;593;23/11/2025;861157,78;Principal; 28/11/2025 ;0,00;;;
594;594;25/12/2025;103008,52;Juros; 12/12/2025 ;0,00;;;
595;595;19/12/2025;873313,97;Multa; 11/12/2025 ;0,00;;;
596;596;11/12/2025;830404,14;Juros; 30/10/2025 ;0,00;;;
597;597;12/07/2025;403783,81;Multa; 22/11/2025 ;110,00;;;
598;598;11/10/2025;22291,16;Principal; 13/11/2025 ;19,00;;;
599;599;11/07/2025;10698,63;Juros; 02/11/2025 ;111,00;;;
600;600;15/11/2025;851263,37;Multa; 05/11/2025 ;0,00;;;
601;601;21/12/2025;528740,78;Principal; 29/11/2025 ;0,00;;;
602;602;17/12/2025;687084,41;Principal; 10/11/2025 ;0,00;;;
603;603;12/10/2025;152464,42;Multa; 18/12/2025 ;18,00;;;
604;604;31/10/2025;386439,73;Multa; 01/11/2025 ;0,00;;;
605;605;12/09/2025;368169,93;Juros; 26/12/2025 ;48,00;;;
606;606;31/10/2025;972411,46;Juros; 07/11/2025 ;0,00;;;
607;607;11/10/2025;254969,45;Multa; 26/12/2025 ;19,00;;;
608;608;22/11/2025;701664,36;Juros; 20/12/2025 ;0,00;;;
609;609;30/11/2025;877296,15;Principal; 30/10/2025 ;0,00;;;
610;610;19/11/2025;361572,86;Principal; 25/12/2025 ;0,00;;;
611;611;11/08/2025;490446,81;Principal; 19/11/2025 ;80,00;;;
612;612;17/11/2025;787982,43;Juros; 01/12/2025 ;0,00;;;
613;613;12/09/2025;892170,14;Principal; 30/10/2025 ;48,00;;;
614;614;29/10/2025;726582,29;Juros; 23/12/2025 ;1,00;;;
615;615;18/11/2025;82520,96;Principal; 02/12/2025 ;0,00;;;
616;616;11/09/2025;509284,50;Juros; 21/12/2025 ;49,00;;;
617;617;28/11/2025;711978,00;Multa; 27/11/2025 ;0,00;;;
618;618;12/10/2025;305240,07;Principal; 30/11/2025 ;18,00;;;
619;619;12/12/2025;394491,14;Juros; 02/12/2025 ;0,00;;;
620;620;11/02/2025;142606,83;Juros; 25/11/2025 ;261,00;;;
621;621;12/09/2025;406566,81;Juros; 21/11/2025 ;48,00;;;
622;622;19/12/2025;463409,96;Multa; 17/12/2025 ;0,00;;;
623;623;14/11/2025;682222,86;Juros; 30/11/2025 ;0,00;;;
624;624;28/11/2025;432136,16;Juros; 11/12/2025 ;0,00;;;
625;625;23/12/2025;45190,56;Principal; 09/11/2025 ;0,00;;;
626;626;31/10/2025;563852,04;Principal; 24/12/2025 ;0,00;;;
627;627;30/11/2025;920713,23;Principal; 25/12/2025 ;0,00;;;
628;628;17/11/2025;806125,68;Multa; 29/11/2025 ;0,00;;;
629;629;21/11/2025;469369,14;Principal; 10/12/2025 ;0,00;;;
630;630;28/11/2025;683771,66;Multa; 15/11/2025 ;0,00;;;
631;631;22/12/2025;978325,04;Juros; 03/12/2025 ;0,00;;;
632;632;25/11/2025;543942,66;Principal; 11/11/2025 ;0,00;;;
633;633;12/05/2025;112967,28;Multa; 14/11/2025 ;171,00;;;
634;634;25/11/2025;120814,17;Juros; 04/12/2025 ;0,00;;;
635;635;17/12/2025;632383,34;Principal; 08/12/2025 ;0,00;;;
636;636;23/11/2025;659617,12;Principal; 01/11/2025 ;0,00;;;
637;637;16/12/2025;403576,51;Juros; 05/11/2025 ;0,00;;;
638;638;31/10/2025;889134,04;Juros; 01/11/2025 ;0,00;;;
639;639;11/08/2025;865931,80;Principal; 28/11/2025 ;80,00;;;
640;640;14/11/2025;877365,65;Juros; 17/11/2025 ;0,00;;;
641;641;17/12/2025;622651,95;Principal; 12/12/2025 ;0,00;;;
642;642;28/12/2025;192944,99;Juros; 19/12/2025 ;0,00;;;
643;643;11/01/2025;630394,48;Multa; 05/11/2025 ;292,00;;;
644;644;30/10/2025;901838,54;Multa; 16/12/2025 ;0,00;;;
645;645;24/12/2025;307718,72;Juros; 20/12/2025 ;0,00;;;
646;646;21/11/2025;964445,08;Principal; 19/12/2025 ;0,00;;;
647;647;12/05/2025;128880,16;Multa; 17/12/2025 ;171,00;;;
648;648;21/12/2025;143162,51;Juros; 21/12/2025 ;0,00;;;
649;649;27/12/2025;951880,89;Principal; 02/12/2025 ;0,00;;;
650;650;29/11/2025;342078,75;Principal; 04/11/2025 ;0,00;;;
651;651;12/07/2025;767871,18;Juros; 06/11/2025 ;110,00;;;
652;652;22/12/2025;340551,71;Juros; 01/12/2025 ;0,00;;;
653;653;11/06/2025;446964,64;Multa; 31/10/2025 ;141,00;;;
654;654;29/11/2025;668015,45;Principal; 10/12/2025 ;0,00;;;
655;655;24/11/2025;620445,33;Juros; 02/11/2025 ;0,00;;;
656;656;21/12/2025;226899,90;Principal; 21/12/2025 ;0,00;;;
657;657;24/12/2025;290486,63;Principal; 22/12/2025 ;0,00;;;
658;658;30/11/2025;308576,01;Juros; 06/12/2025 ;0,00;;;
659;659;26/11/2025;145939,88;Multa; 18/12/2025 ;0,00;;;
660;660;12/07/2025;885953,78;Principal; 07/12/2025 ;110,00;;;
661;661;17/12/2025;715769,36;Multa; 15/12/2025 ;0,00;;;
662;662;13/11/2025;779227,63;Principal; 11/11/2025 ;0,00;;;
663;663;14/12/2025;191064,73;Multa; 15/12/2025 ;0,00;;;
664;664;11/08/2025;578833,14;Multa; 01/12/2025 ;80,00;;;
665;665;26/11/2025;19825,11;Principal; 21/12/2025 ;0,00;;;
666;666;26/11/2025;611636,07;Juros; 11/11/2025 ;0,00;;;
667;667;16/11/2025;595766,92;Juros; 24/11/2025 ;0,00;;;
668;668;29/10/2025;223212,78;Juros; 31/10/2025 ;1,00;;;
669;669;23/11/2025;57464,27;Principal; 06/12/2025 ;0,00;;;
670;670;11/06/2025;209869,02;Principal; 23/12/2025 ;141,00;;;
671;671;26/11/2025;372324,54;Principal; 11/12/2025 ;0,00;;;
672;672;28/11/2025;607472,70;Multa; 28/11/2025 ;0,00;;;
673;673;24/12/2025;874097,30;Multa; 09/11/2025 ;0,00;;;
674;674;28/11/2025;746019,10;Principal; 05/11/2025 ;0,00;;;
675;675;11/07/2025;920023,58;Principal; 20/12/2025 ;111,00;;;
676;676;13/11/2025;53023,67;Multa; 28/11/2025 ;0,00;;;
677;677;12/07/2025;835479,95;Juros; 24/12/2025 ;110,00;;;
678;678;11/03/2025;601669,88;Juros; 17/11/2025 ;233,00;;;
679;679;20/11/2025;172044,16;Multa; 08/11/2025 ;0,00;;;
680;680;12/03/2025;41412,46;Principal; 06/12/2025 ;232,00;;;
681;681;12/04/2025;398261,05;Multa; 04/11/2025 ;201,00;;;
682;682;18/12/2025;218842,87;Principal; 06/11/2025 ;0,00;;;
683;683;18/11/2025;483673,40;Multa; 08/12/2025 ;0,00;;;
684;684;12/12/2025;874367,93;Principal; 31/10/2025 ;0,00;;;
685;685;27/12/2025;229248,35;Principal; 25/11/2025 ;0,00;;;
686;686;15/12/2025;295637,64;Juros; 19/11/2025 ;0,00;;;
687;687;11/09/2025;81099,21;Juros; 27/11/2025 ;49,00;;;
688;688;30/11/2025;334148,17;Juros; 19/12/2025 ;0,00;;;
689;689;11/09/2025;332400,69;Juros; 30/11/2025 ;49,00;;;
690;690;24/12/2025;411736,25;Juros; 11/11/2025 ;0,00;;;
691;691;25/12/2025;821458,79;Principal; 19/11/2025 ;0,00;;;
692;692;12/09/2025;141247,54;Multa; 02/11/2025 ;48,00;;;
693;693;21/11/2025;203558,98;Multa; 22/12/2025 ;0,00;;;
694;694;12/04/2025;211977,54;Juros; 26/11/2025 ;201,00;;;
695;695;13/11/2025;720104,40;Multa; 05/11/2025 ;0,00;;;
696;696;11/01/2025;122578,28;Principal; 18/11/2025 ;292,00;;;
697;697;11/07/2025;199725,97;Principal; 27/11/2025 ;111,00;;;
698;698;13/11/2025;619418,66;Juros; 08/11/2025 ;0,00;;;
699;699;13/12/2025;234191,45;Juros; 29/11/2025 ;0,00;;;
700;700;12/02/2025;31757,01;Principal; 06/12/2025 ;260,00;;;
701;701;11/02/2025;595778,39;Multa; 23/12/2025 ;261,00;;;
702;702;17/11/2025;921553,44;Principal; 04/11/2025 ;0,00;;;
703;703;11/07/2025;289928,49;Juros; 12/11/2025 ;111,00;;;
704;704;24/11/2025;539669,07;Principal; 10/12/2025 ;0,00;;;
705;705;11/02/2025;996094,22;Juros; 10/11/2025 ;261,00;;;
706;706;15/11/2025;524341,83;Multa; 25/11/2025 ;0,00;;;
707;707;12/04/2025;353293,47;Multa; 30/10/2025 ;201,00;;;
708;708;11/03/2025;784804,44;Principal; 15/12/2025 ;233,00;;;
709;709;29/10/2025;76625,31;Multa; 21/11/2025 ;1,00;;;
710;710;11/09/2025;504422,01;Multa; 04/11/2025 ;49,00;;;
711;711;11/09/2025;806023,02;Principal; 04/11/2025 ;49,00;;;
712;712;12/10/2025;928807,04;Multa; 12/11/2025 ;18,00;;;
713;713;20/12/2025;820455,61;Multa; 26/11/2025 ;0,00;;;
714;714;25/12/2025;802408,49;Multa; 09/11/2025 ;0,00;;;
715;715;16/11/2025;527201,19;Principal; 26/11/2025 ;0,00;;;
716;716;15/12/2025;160972,31;Principal; 31/10/2025 ;0,00;;;
717;717;11/05/2025;631803,94;Principal; 16/11/2025 ;172,00;;;
718;718;12/10/2025;619771,91;Principal; 21/11/2025 ;18,00;;;
719;719;20/11/2025;58083,66;Principal; 07/11/2025 ;0,00;;;
720;720;12/04/2025;204730,26;Multa; 04/11/2025 ;201,00;;;
721;721;15/12/2025;272210,24;Juros; 27/11/2025 ;0,00;;;
722;722;23/12/2025;967490,31;Principal; 05/12/2025 ;0,00;;;
723;723;16/12/2025;970245,77;Principal; 23/12/2025 ;0,00;;;
724;724;20/12/2025;882545,09;Principal; 15/11/2025 ;0,00;;;
725;725;12/06/2025;829192,24;Multa; 13/12/2025 ;140,00;;;
726;726;16/11/2025;879865,79;Multa; 16/12/2025 ;0,00;;;
727;727;12/11/2025;18338,71;Juros; 16/11/2025 ;0,00;;;
728;728;19/11/2025;209558,63;Principal; 11/12/2025 ;0,00;;;
729;729;30/11/2025;279411,34;Multa; 25/12/2025 ;0,00;;;
730;730;12/07/2025;111348,23;Principal; 08/11/2025 ;110,00;;;
731;731;12/07/2025;199643,81;Principal; 06/11/2025 ;110,00;;;
732;732;11/11/2025;204085,33;Multa; 14/11/2025 ;0,00;;;
733;733;11/12/2025;591289,27;Multa; 19/12/2025 ;0,00;;;
734;734;25/11/2025;20281,73;Juros; 11/11/2025 ;0,00;;;
735;735;11/10/2025;611458,75;Principal; 26/12/2025 ;19,00;;;
736;736;30/10/2025;327295,63;Multa; 22/11/2025 ;0,00;;;
737;737;27/12/2025;426487,75;Principal; 09/11/2025 ;0,00;;;
738;738;14/11/2025;234574,94;Multa; 23/11/2025 ;0,00;;;
739;739;16/12/2025;441993,44;Multa; 11/12/2025 ;0,00;;;
740;740;28/11/2025;927336,77;Juros; 08/11/2025 ;0,00;;;
741;741;13/12/2025;188984,36;Juros; 15/12/2025 ;0,00;;;
742;742;11/05/2025;237506,12;Multa; 08/11/2025 ;172,00;;;
743;743;12/02/2025;41197,52;Principal; 15/12/2025 ;260,00;;;
744;744;13/12/2025;272775,25;Juros; 14/11/2025 ;0,00;;;
745;745;22/12/2025;831949,74;Principal; 31/10/2025 ;0,00;;;
746;746;24/11/2025;734254,85;Multa; 05/12/2025 ;0,00;;;
747;747;22/11/2025;319946,61;Principal; 15/12/2025 ;0,00;;;
748;748;11/09/2025;744764,84;Principal; 21/11/2025 ;49,00;;;
749;749;29/11/2025;917120,62;Principal; 07/11/2025 ;0,00;;;
750;750;21/12/2025;13997,47;Juros; 25/12/2025 ;0,00;;;
751;751;11/05/2025;191866,51;Multa; 23/12/2025 ;172,00;;;
752;752;12/07/2025;398621,95;Multa; 30/10/2025 ;110,00;;;
753;753;12/06/2025;945137,46;Principal; 11/12/2025 ;140,00;;;
754;754;21/12/2025;538086,02;Juros; 08/11/2025 ;0,00;;;
755;755;12/12/2025;177675,57;Juros; 09/12/2025 ;0,00;;;
756;756;27/12/2025;839521,06;Principal; 04/12/2025 ;0,00;;;
757;757;27/11/2025;724575,95;Multa; 04/12/2025 ;0,00;;;
758;758;12/12/2025;631622,82;Juros; 05/11/2025 ;0,00;;;
759;759;12/12/2025;85875,99;Juros; 03/11/2025 ;0,00;;;
760;760;19/11/2025;264117,43;Multa; 16/12/2025 ;0,00;;;
761;761;28/11/2025;523407,39;Multa; 27/11/2025 ;0,00;;;
762;762;20/11/2025;792695,20;Juros; 23/11/2025 ;0,00;;;
763;763;28/11/2025;270644,85;Juros; 24/12/2025 ;0,00;;;
764;764;12/08/2025;626598,73;Principal; 19/12/2025 ;79,00;;;
765;765;12/05/2025;389283,32;Multa; 22/11/2025 ;171,00;;;
766;766;11/12/2025;816527,84;Principal; 12/12/2025 ;0,00;;;
767;767;12/04/2025;129386,26;Principal; 17/12/2025 ;201,00;;;
768;768;11/11/2025;446602,09;Principal; 16/11/2025 ;0,00;;;
769;769;12/11/2025;280447,54;Principal; 30/11/2025 ;0,00;;;
770;770;11/05/2025;534719,68;Principal; 11/12/2025 ;172,00;;;
771;771;16/12/2025;767734,81;Juros; 12/12/2025 ;0,00;;;
772;772;18/12/2025;999843,59;Principal; 12/12/2025 ;0,00;;;
773;773;16/11/2025;869609,45;Juros; 11/11/2025 ;0,00;;;
774;774;28/12/2025;400183,91;Principal; 02/12/2025 ;0,00;;;
775;775;29/11/2025;998124,78;Juros; 16/12/2025 ;0,00;;;
776;776;18/11/2025;885818,79;Juros; 03/12/2025 ;0,00;;;
777;777;29/11/2025;568938,27;Multa; 01/12/2025 ;0,00;;;
778;778;12/07/2025;379290,05;Principal; 05/12/2025 ;110,00;;;
779;779;19/11/2025;827372,25;Principal; 22/11/2025 ;0,00;;;
780;780;22/11/2025;21741,93;Juros; 17/12/2025 ;0,00;;;
781;781;12/06/2025;931495,06;Juros; 17/12/2025 ;140,00;;;
782;782;12/03/2025;744771,42;Principal; 08/12/2025 ;232,00;;;
783;783;18/12/2025;611446,10;Juros; 17/12/2025 ;0,00;;;
784;784;12/10/2025;969211,90;Multa; 23/12/2025 ;18,00;;;
785;785;11/10/2025;749968,35;Multa; 04/11/2025 ;19,00;;;
786;786;28/11/2025;932366,69;Multa; 11/11/2025 ;0,00;;;
787;787;27/11/2025;762835,64;Multa; 31/10/2025 ;0,00;;;
788;788;27/12/2025;734150,58;Multa; 30/11/2025 ;0,00;;;
789;789;12/06/2025;706226,40;Juros; 07/12/2025 ;140,00;;;
790;790;21/12/2025;165544,18;Principal; 14/12/2025 ;0,00;;;
791;791;16/11/2025;515546,51;Juros; 22/12/2025 ;0,00;;;
792;792;29/10/2025;78530,59;Juros; 19/11/2025 ;1,00;;;
793;793;12/05/2025;483884,77;Principal; 11/11/2025 ;171,00;;;
794;794;27/12/2025;110090,94;Principal; 12/11/2025 ;0,00;;;
795;795;18/11/2025;440555,10;Principal; 10/12/2025 ;0,00;;;
796;796;12/07/2025;877941,48;Juros; 21/12/2025 ;110,00;;;
797;797;30/10/2025;489863,35;Principal; 11/12/2025 ;0,00;;;
798;798;12/06/2025;843307,41;Principal; 16/11/2025 ;140,00;;;
799;799;19/12/2025;126068,70;Multa; 26/11/2025 ;0,00;;;
800;800;20/11/2025;494740,65;Principal; 19/11/2025 ;0,00;;;
801;801;20/11/2025;816337,42;Principal; 13/11/2025 ;0,00;;;
802;802;15/12/2025;207565,73;Multa; 20/12/2025 ;0,00;;;
803;803;12/06/2025;753695,41;Principal; 09/11/2025 ;140,00;;;
804;804;12/12/2025;947786,01;Juros; 28/11/2025 ;0,00;;;
805;805;12/05/2025;362537,37;Multa; 16/11/2025 ;171,00;;;
806;806;11/10/2025;355438,59;Principal; 22/12/2025 ;19,00;;;
807;807;31/10/2025;861866,86;Multa; 01/11/2025 ;0,00;;;
808;808;11/02/2025;436732,11;Multa; 30/11/2025 ;261,00;;;
809;809;12/05/2025;345391,57;Principal; 31/10/2025 ;171,00;;;
810;810;19/11/2025;372980,47;Multa; 18/12/2025 ;0,00;;;
811;811;18/11/2025;36057,33;Multa; 12/11/2025 ;0,00;;;
812;812;16/11/2025;963121,35;Principal; 15/11/2025 ;0,00;;;
813;813;28/12/2025;741069,06;Principal; 01/12/2025 ;0,00;;;
814;814;28/12/2025;545964,39;Principal; 26/11/2025 ;0,00;;;
815;815;11/11/2025;911713,20;Juros; 14/12/2025 ;0,00;;;
816;816;11/10/2025;697864,17;Multa; 05/11/2025 ;19,00;;;
817;817;30/10/2025;654723,85;Multa; 13/12/2025 ;0,00;;;
818;818;18/12/2025;557804,57;Principal; 17/12/2025 ;0,00;;;
819;819;27/11/2025;497820,12;Juros; 24/11/2025 ;0,00;;;
820;820;29/11/2025;367387,57;Multa; 09/12/2025 ;0,00;;;
821;821;12/01/2025;638111,62;Principal; 23/11/2025 ;291,00;;;
822;822;12/08/2025;668901,04;Multa; 18/12/2025 ;79,00;;;
823;823;16/12/2025;577795,26;Multa; 12/11/2025 ;0,00;;;
824;824;15/11/2025;772869,15;Principal; 10/11/2025 ;0,00;;;
825;825;11/04/2025;529495,44;Principal; 03/12/2025 ;202,00;;;
826;826;11/09/2025;371761,80;Multa; 22/11/2025 ;49,00;;;
827;827;11/01/2025;593925,38;Juros; 10/11/2025 ;292,00;;;
828;828;12/09/2025;292169,70;Multa; 06/12/2025 ;48,00;;;
829;829;12/09/2025;875032,22;Multa; 13/12/2025 ;48,00;;;
830;830;12/05/2025;891826,44;Juros; 19/11/2025 ;171,00;;;
831;831;12/05/2025;992769,96;Juros; 26/11/2025 ;171,00;;;
832;832;12/07/2025;353987,83;Multa; 25/12/2025 ;110,00;;;
833;833;13/11/2025;643846,57;Juros; 14/12/2025 ;0,00;;;
834;834;17/12/2025;612137,72;Juros; 20/11/2025 ;0,00;;;
835;835;14/11/2025;407807,17;Juros; 26/11/2025 ;0,00;;;
836;836;12/11/2025;22734,31;Multa; 23/12/2025 ;0,00;;;
837;837;17/12/2025;553084,94;Principal; 13/11/2025 ;0,00;;;
838;838;11/03/2025;99564,94;Juros; 26/12/2025 ;233,00;;;
839;839;20/12/2025;340303,96;Juros; 23/12/2025 ;0,00;;;
840;840;11/05/2025;331775,15;Juros; 12/11/2025 ;172,00;;;
841;841;12/08/2025;806094,01;Multa; 20/11/2025 ;79,00;;;
842;842;11/07/2025;386426,18;Multa; 30/11/2025 ;111,00;;;
843;843;11/02/2025;138196,58;Multa; 15/11/2025 ;261,00;;;
844;844;12/04/2025;456490,97;Multa; 25/12/2025 ;201,00;;;
845;845;28/12/2025;802604,36;Multa; 14/12/2025 ;0,00;;;
846;846;27/11/2025;728902,32;Multa; 27/11/2025 ;0,00;;;
847;847;14/12/2025;585170,69;Juros; 20/12/2025 ;0,00;;;
848;848;15/12/2025;616319,44;Juros; 22/11/2025 ;0,00;;;
849;849;13/12/2025;77871,07;Multa; 11/12/2025 ;0,00;;;
850;850;16/12/2025;302757,77;Multa; 23/11/2025 ;0,00;;;
851;851;21/11/2025;246250,78;Multa; 26/11/2025 ;0,00;;;
852;852;14/12/2025;695179,76;Principal; 16/12/2025 ;0,00;;;
853;853;28/12/2025;37796,44;Juros; 12/11/2025 ;0,00;;;
854;854;25/12/2025;473460,40;Juros; 12/11/2025 ;0,00;;;
855;855;12/12/2025;564908,50;Principal; 18/11/2025 ;0,00;;;
856;856;31/10/2025;683068,45;Multa; 11/12/2025 ;0,00;;;
857;857;30/10/2025;345361,41;Principal; 23/12/2025 ;0,00;;;
858;858;11/10/2025;664271,34;Juros; 21/12/2025 ;19,00;;;
859;859;15/12/2025;93442,00;Principal; 10/11/2025 ;0,00;;;
860;860;11/09/2025;283697,64;Principal; 10/11/2025 ;49,00;;;
861;861;16/11/2025;590122,90;Principal; 22/12/2025 ;0,00;;;
862;862;27/11/2025;190620,03;Multa; 02/11/2025 ;0,00;;;
863;863;18/12/2025;187594,59;Multa; 13/11/2025 ;0,00;;;
864;864;18/11/2025;965722,14;Principal; 31/10/2025 ;0,00;;;
865;865;19/11/2025;349637,49;Juros; 17/12/2025 ;0,00;;;
866;866;18/12/2025;819451,17;Principal; 30/10/2025 ;0,00;;;
867;867;13/11/2025;329488,26;Multa; 01/11/2025 ;0,00;;;
868;868;21/11/2025;835926,70;Multa; 29/11/2025 ;0,00;;;
869;869;14/11/2025;328083,17;Principal; 03/12/2025 ;0,00;;;
870;870;11/10/2025;453730,05;Multa; 14/11/2025 ;19,00;;;
871;871;11/08/2025;966350,10;Multa; 13/12/2025 ;80,00;;;
872;872;24/11/2025;144075,05;Principal; 14/11/2025 ;0,00;;;
873;873;12/05/2025;652769,05;Principal; 25/12/2025 ;171,00;;;
874;874;30/10/2025;804882,20;Principal; 01/11/2025 ;0,00;;;
875;875;12/04/2025;542531,90;Juros; 01/12/2025 ;201,00;;;
876;876;13/11/2025;933798,95;Multa; 08/11/2025 ;0,00;;;
877;877;17/12/2025;72154,00;Juros; 05/12/2025 ;0,00;;;
878;878;12/01/2025;890320,95;Juros; 25/12/2025 ;291,00;;;
879;879;14/11/2025;709025,10;Juros; 22/12/2025 ;0,00;;;
880;880;15/12/2025;527288,51;Juros; 09/12/2025 ;0,00;;;
881;881;16/11/2025;361287,38;Juros; 27/11/2025 ;0,00;;;
882;882;29/11/2025;887200,77;Juros; 02/11/2025 ;0,00;;;
883;883;24/11/2025;629035,50;Multa; 12/11/2025 ;0,00;;;
884;884;11/11/2025;967087,58;Juros; 22/11/2025 ;0,00;;;
885;885;13/12/2025;379007,69;Juros; 27/11/2025 ;0,00;;;
886;886;25/12/2025;754474,15;Principal; 08/11/2025 ;0,00;;;
887;887;19/12/2025;785436,61;Juros; 30/10/2025 ;0,00;;;
888;888;13/12/2025;66290,41;Multa; 17/11/2025 ;0,00;;;
889;889;31/10/2025;598083,85;Multa; 21/12/2025 ;0,00;;;
890;890;30/11/2025;776994,21;Principal; 09/12/2025 ;0,00;;;
891;891;11/11/2025;235095,21;Principal; 15/11/2025 ;0,00;;;
892;892;19/11/2025;188830,00;Juros; 26/12/2025 ;0,00;;;
893;893;21/11/2025;113583,10;Principal; 23/12/2025 ;0,00;;;
894;894;21/11/2025;687557,10;Multa; 20/12/2025 ;0,00;;;
895;895;23/11/2025;860197,66;Multa; 02/12/2025 ;0,00;;;
896;896;11/08/2025;306136,90;Principal; 19/12/2025 ;80,00;;;
897;897;23/11/2025;902267,19;Principal; 20/11/2025 ;0,00;;;
898;898;11/01/2025;335557,80;Principal; 11/11/2025 ;292,00;;;
899;899;21/11/2025;445130,34;Multa; 24/12/2025 ;0,00;;;
900;900;14/11/2025;891374,20;Multa; 15/11/2025 ;0,00;;;
901;901;20/12/2025;735345,92;Multa; 16/11/2025 ;0,00;;;
902;902;29/11/2025;719970,40;Principal; 16/12/2025 ;0,00;;;
903;903;30/10/2025;435957,43;Juros; 23/12/2025 ;0,00;;;
904;904;20/12/2025;672634,01;Juros; 12/12/2025 ;0,00;;;
905;905;18/11/2025;560009,54;Multa; 16/11/2025 ;0,00;;;
906;906;20/12/2025;780640,55;Principal; 04/12/2025 ;0,00;;;
907;907;12/05/2025;660496,79;Multa; 20/11/2025 ;171,00;;;
908;908;25/11/2025;545064,24;Juros; 25/12/2025 ;0,00;;;
909;909;23/12/2025;596446,55;Principal; 01/11/2025 ;0,00;;;
910;910;24/12/2025;650900,04;Principal; 05/12/2025 ;0,00;;;
911;911;29/10/2025;59631,86;Principal; 24/12/2025 ;1,00;;;
912;912;18/12/2025;589105,25;Juros; 05/12/2025 ;0,00;;;
913;913;11/10/2025;454868,47;Principal; 16/11/2025 ;19,00;;;
914;914;11/02/2025;915584,08;Principal; 26/11/2025 ;261,00;;;
915;915;12/10/2025;408494,42;Multa; 17/11/2025 ;18,00;;;
916;916;20/12/2025;770772,81;Principal; 17/12/2025 ;0,00;;;
917;917;26/12/2025;355783,24;Multa; 01/12/2025 ;0,00;;;
918;918;26/11/2025;113638,26;Juros; 17/12/2025 ;0,00;;;
919;919;12/03/2025;372944,63;Principal; 26/11/2025 ;232,00;;;
920;920;11/12/2025;340294,51;Juros; 23/12/2025 ;0,00;;;
921;921;20/11/2025;781855,51;Juros; 12/12/2025 ;0,00;;;
922;922;27/12/2025;296329,12;Principal; 31/10/2025 ;0,00;;;
923;923;12/12/2025;936237,01;Multa; 15/11/2025 ;0,00;;;
924;924;11/03/2025;280125,47;Juros; 01/11/2025 ;233,00;;;
925;925;12/01/2025;152869,25;Multa; 21/12/2025 ;291,00;;;
926;926;29/11/2025;494153,81;Principal; 01/11/2025 ;0,00;;;
927;927;30/10/2025;446211,06;Juros; 11/11/2025 ;0,00;;;
928;928;13/11/2025;978386,35;Principal; 18/11/2025 ;0,00;;;
929;929;13/12/2025;902665,31;Juros; 18/11/2025 ;0,00;;;
930;930;14/12/2025;672646,85;Multa; 25/11/2025 ;0,00;;;
931;931;15/12/2025;255079,03;Juros; 03/11/2025 ;0,00;;;
932;932;23/11/2025;720583,22;Principal; 06/12/2025 ;0,00;;;
933;933;16/12/2025;421547,57;Multa; 13/12/2025 ;0,00;;;
934;934;11/04/2025;40091,09;Principal; 24/12/2025 ;202,00;;;
935;935;11/11/2025;863443,30;Principal; 26/12/2025 ;0,00;;;
936;936;12/06/2025;573457,00;Multa; 09/12/2025 ;140,00;;;
937;937;12/01/2025;824839,06;Multa; 12/12/2025 ;291,00;;;
938;938;27/11/2025;721868,50;Principal; 30/10/2025 ;0,00;;;
939;939;12/12/2025;428668,15;Juros; 24/11/2025 ;0,00;;;
940;940;22/12/2025;925810,19;Principal; 13/12/2025 ;0,00;;;
941;941;13/11/2025;147551,43;Multa; 14/11/2025 ;0,00;;;
942;942;12/05/2025;993615,15;Principal; 22/11/2025 ;171,00;;;
943;943;17/12/2025;42746,32;Principal; 11/11/2025 ;0,00;;;
944;944;11/01/2025;522142,51;Juros; 23/11/2025 ;292,00;;;
945;945;29/10/2025;731150,26;Juros; 21/11/2025 ;1,00;;;
946;946;19/11/2025;788166,37;Juros; 01/11/2025 ;0,00;;;
947;947;11/09/2025;859154,00;Multa; 10/11/2025 ;49,00;;;
948;948;23/12/2025;225322,94;Principal; 17/12/2025 ;0,00;;;
949;949;12/07/2025;487759,13;Principal; 10/11/2025 ;110,00;;;
950;950;12/09/2025;872017,60;Multa; 25/12/2025 ;48,00;;;
951;951;27/11/2025;787964,16;Juros; 20/12/2025 ;0,00;;;
952;952;24/11/2025;56321,49;Juros; 05/11/2025 ;0,00;;;
953;953;27/12/2025;815300,47;Juros; 10/11/2025 ;0,00;;;
954;954;11/01/2025;639073,22;Principal; 23/11/2025 ;292,00;;;
955;955;22/12/2025;388072,92;Juros; 23/12/2025 ;0,00;;;
956;956;11/08/2025;793521,58;Multa; 24/11/2025 ;80,00;;;
957;957;12/05/2025;663194,55;Multa; 19/12/2025 ;171,00;;;
958;958;17/11/2025;443818,75;Principal; 01/12/2025 ;0,00;;;
959;959;12/11/2025;397703,91;Juros; 22/11/2025 ;0,00;;;
960;960;12/12/2025;958467,80;Principal; 11/12/2025 ;0,00;;;
961;961;12/07/2025;35103,06;Principal; 02/12/2025 ;110,00;;;
962;962;30/10/2025;662239,63;Juros; 20/11/2025 ;0,00;;;
963;963;28/12/2025;396534,35;Multa; 06/12/2025 ;0,00;;;
964;964;21/11/2025;355064,66;Principal; 09/11/2025 ;0,00;;;
965;965;24/12/2025;420136,17;Principal; 01/12/2025 ;0,00;;;
966;966;30/10/2025;94717,37;Principal; 23/12/2025 ;0,00;;;
967;967;12/02/2025;396533,04;Principal; 22/11/2025 ;260,00;;;
968;968;12/09/2025;186358,64;Multa; 14/12/2025 ;48,00;;;
969;969;18/11/2025;973548,09;Juros; 05/12/2025 ;0,00;;;
970;970;20/11/2025;393128,57;Principal; 20/11/2025 ;0,00;;;
971;971;14/11/2025;960961,68;Juros; 25/11/2025 ;0,00;;;
972;972;19/11/2025;377432,65;Juros; 11/12/2025 ;0,00;;;
973;973;26/11/2025;429401,62;Principal; 05/11/2025 ;0,00;;;
974;974;11/07/2025;495720,46;Principal; 24/11/2025 ;111,00;;;
975;975;29/10/2025;185341,34;Principal; 12/12/2025 ;1,00;;;
976;976;26/11/2025;651005,78;Principal; 14/12/2025 ;0,00;;;
977;977;11/12/2025;756951,27;Principal; 16/11/2025 ;0,00;;;
978;978;12/11/2025;65180,52;Multa; 12/12/2025 ;0,00;;;
979;979;25/11/2025;254563,79;Principal; 02/11/2025 ;0,00;;;
980;980;12/10/2025;700376,31;Multa; 15/11/2025 ;18,00;;;
981;981;28/11/2025;654321,11;Principal; 26/12/2025 ;0,00;;;
982;982;12/08/2025;47221,25;Multa; 26/11/2025 ;79,00;;;
983;983;13/12/2025;452560,82;Multa; 07/11/2025 ;0,00;;;
984;984;28/12/2025;783475,75;Principal; 13/11/2025 ;0,00;;;
985;985;23/12/2025;139681,77;Multa; 15/12/2025 ;0,00;;;
986;986;12/12/2025;384189,02;Principal; 28/11/2025 ;0,00;;;
987;987;12/06/2025;948484,23;Multa; 26/11/2025 ;140,00;;;
988;988;20/12/2025;404741,66;Principal; 09/11/2025 ;0,00;;;
989;989;12/12/2025;492540,32;Principal; 16/11/2025 ;0,00;;;
990;990;11/12/2025;87637,31;Multa; 02/11/2025 ;0,00;;;
991;991;25/12/2025;941565,16;Multa; 19/11/2025 ;0,00;;;
992;992;18/11/2025;142298,41;Juros; 21/11/2025 ;0,00;;;
993;993;12/03/2025;503079,37;Principal; 16/12/2025 ;232,00;;;
994;994;11/05/2025;213285,86;Principal; 03/12/2025 ;172,00;;;
995;995;11/01/2025;95569,43;Juros; 11/11/2025 ;292,00;;;
996;996;26/11/2025;634234,53;Principal; 10/12/2025 ;0,00;;;
997;997;16/11/2025;779966,41;Juros; 19/11/2025 ;0,00;;;
998;998;12/02/2025;664981,43;Principal; 13/11/2025 ;260,00;;;
999;999;23/11/2025;705926,36;Principal; 23/11/2025 ;0,00;;;
1000;1000;12/02/2025;608897,28;Principal; 13/12/2025 ;260,00;;;
