id_Recebimento;id_Fatura;Data_de_Recebimento;Valor_Recebido;Metodo_de_Pagamento;Diferença_Previsto;;;
1;1;10/10/2025;528870,84;TED;48%;;;
2;2;24/10/2025;111252,35;Pix;22%;;;
3;3;27/10/2025;75067,49;Boleto;2%;;;
4;4;06/10/2025;871199,64;Boleto;2%;;;
5;5;19/10/2025;414903,68;Pix;36%;;;
6;6;21/10/2025;80663,67;Boleto;30%;;;
7;7;16/10/2025;389432,16;Boleto;28%;;;
8;8;19/10/2025;272866,92;Pix;47%;;;
9;9;19/10/2025;896981,82;TED;40%;;;1,00
10;10;05/10/2025;694006,90;Boleto;46%;;;
11;11;05/10/2025;808846,13;Boleto;8%;;;
12;12;24/10/2025;112336,18;TED;31%;;;
13;13;24/10/2025;575708,71;Boleto;39%;;;
14;14;06/10/2025;392184,75;Pix;41%;;;
15;15;01/10/2025;829075,88;TED;21%;;;
16;16;09/10/2025;825329,25;Boleto;48%;;;
17;17;17/10/2025;620192,37;Boleto;32%;;;
18;18;05/10/2025;424094,78;Pix;30%;;;
19;19;10/10/2025;114239,49;TED;45%;;;
20;20;26/10/2025;478597,71;TED;29%;;;
21;21;09/10/2025;334728,53;Boleto;12%;;;
22;22;11/10/2025;93975,19;TED;24%;;;
23;23;17/10/2025;309724,18;TED;16%;;;
24;24;11/10/2025;308312,52;Boleto;14%;;;
25;25;09/10/2025;808365,59;Pix;27%;;;
26;26;15/10/2025;242783,50;Pix;27%;;;
27;27;16/10/2025;92583,05;Boleto;48%;;;
28;28;23/10/2025;444537,43;Boleto;3%;;;
29;29;22/10/2025;405096,89;Boleto;12%;;;
30;30;13/10/2025;232186,89;Pix;40%;;;
31;31;06/10/2025;621139,06;Pix;11%;;;
32;32;22/10/2025;846363,41;Pix;50%;;;
33;33;23/10/2025;385724,55;Boleto;50%;;;
34;34;05/10/2025;374209,17;Boleto;48%;;;
35;35;28/10/2025;130443,82;Pix;42%;;;
36;36;09/10/2025;160912,97;Pix;19%;;;
37;37;20/10/2025;598468,82;Boleto;2%;;;
38;38;26/10/2025;64535,38;Pix;22%;;;
39;39;04/10/2025;132967,43;Boleto;41%;;;
40;40;23/10/2025;681132,65;Pix;33%;;;
41;41;03/10/2025;129366,57;TED;13%;;;
42;42;02/10/2025;359563,93;TED;12%;;;
43;43;17/10/2025;53512,77;TED;49%;;;
44;44;03/10/2025;355916,86;Boleto;35%;;;
45;45;06/10/2025;63100,87;TED;10%;;;
46;46;20/10/2025;578343,86;Boleto;46%;;;
47;47;15/10/2025;219244,39;Boleto;30%;;;
48;48;20/10/2025;777656,68;TED;12%;;;
49;49;23/10/2025;378943,89;TED;4%;;;
50;50;24/10/2025;461345,36;TED;49%;;;
51;51;10/10/2025;589519,18;Pix;6%;;;
52;52;05/10/2025;811022,46;TED;33%;;;
53;53;25/10/2025;154955,23;Pix;13%;;;
54;54;22/10/2025;737969,05;TED;13%;;;
55;55;18/10/2025;33239,09;TED;16%;;;
56;56;21/10/2025;256257,17;TED;32%;;;
57;57;13/10/2025;760531,92;TED;43%;;;
58;58;20/10/2025;894863,44;Boleto;9%;;;
59;59;06/10/2025;195345,63;Pix;44%;;;
60;60;12/10/2025;652801,28;Boleto;26%;;;
61;61;08/10/2025;626290,29;Pix;39%;;;
62;62;16/10/2025;891907,40;Pix;43%;;;
63;63;09/10/2025;665624,59;TED;14%;;;
64;64;05/10/2025;4780,22;TED;32%;;;
65;65;15/10/2025;402071,25;Boleto;16%;;;
66;66;06/10/2025;402148,63;Pix;10%;;;
67;67;17/10/2025;389995,18;Boleto;27%;;;
68;68;15/10/2025;514024,08;Pix;7%;;;
69;69;03/10/2025;4323,37;Boleto;7%;;;
70;70;04/10/2025;343105,07;Pix;9%;;;
71;71;16/10/2025;559097,64;Boleto;21%;;;
72;72;03/10/2025;580483,34;TED;11%;;;
73;73;23/10/2025;51744,39;Pix;26%;;;
74;74;10/10/2025;346773,73;Pix;21%;;;
75;75;19/10/2025;227483,32;Pix;27%;;;
76;76;23/10/2025;409470,49;Pix;48%;;;
77;77;24/10/2025;300581,41;Boleto;25%;;;
78;78;19/10/2025;409031,34;Boleto;43%;;;
79;79;25/10/2025;199465,30;Boleto;1%;;;
80;80;14/10/2025;842298,67;Pix;34%;;;
81;81;11/10/2025;589547,09;Boleto;40%;;;
82;82;14/10/2025;381304,64;Boleto;3%;;;
83;83;23/10/2025;593331,28;TED;4%;;;
84;84;10/10/2025;105001,23;Boleto;39%;;;
85;85;23/10/2025;64431,24;Boleto;36%;;;
86;86;19/10/2025;564992,89;TED;23%;;;
87;87;28/10/2025;545036,16;Boleto;28%;;;
88;88;20/10/2025;69082,70;Boleto;10%;;;
89;89;07/10/2025;136834,74;TED;2%;;;
90;90;14/10/2025;114734,50;Boleto;9%;;;
91;91;23/10/2025;769706,40;Pix;46%;;;
92;92;18/10/2025;376730,88;Boleto;37%;;;
93;93;24/10/2025;649339,08;Pix;32%;;;
94;94;16/10/2025;339563,69;TED;38%;;;
95;95;10/10/2025;360503,84;Boleto;18%;;;
96;96;16/10/2025;860503,54;Pix;6%;;;
97;97;23/10/2025;149594,71;Boleto;16%;;;
98;98;15/10/2025;769574,10;Boleto;35%;;;
99;99;21/10/2025;485528,96;Boleto;40%;;;
100;100;27/10/2025;652787,42;TED;34%;;;
101;101;09/10/2025;368366,98;TED;15%;;;
102;102;17/10/2025;291734,42;Pix;21%;;;
103;103;26/10/2025;421901,77;TED;49%;;;
104;104;10/10/2025;211438,66;Boleto;19%;;;
105;105;17/10/2025;7269,92;TED;35%;;;
106;106;27/10/2025;121251,83;Pix;30%;;;
107;107;20/10/2025;490958,53;Boleto;8%;;;
108;108;21/10/2025;75890,21;Boleto;38%;;;
109;109;27/10/2025;510946,58;TED;27%;;;
110;110;05/10/2025;505068,26;Pix;20%;;;
111;111;23/10/2025;248431,60;Boleto;45%;;;
112;112;26/10/2025;497276,48;TED;34%;;;
113;113;10/10/2025;841119,73;Pix;19%;;;
114;114;06/10/2025;34997,89;TED;32%;;;
115;115;17/10/2025;369782,79;Boleto;28%;;;
116;116;07/10/2025;349118,30;TED;32%;;;
117;117;24/10/2025;870641,13;TED;18%;;;
118;118;17/10/2025;7310,84;Pix;35%;;;
119;119;06/10/2025;817114,03;TED;34%;;;
120;120;19/10/2025;679644,91;TED;8%;;;
121;121;17/10/2025;225427,52;Pix;36%;;;
122;122;17/10/2025;555600,19;TED;39%;;;
123;123;27/10/2025;436828,11;Pix;38%;;;
124;124;01/10/2025;373030,33;Boleto;20%;;;
125;125;24/10/2025;532559,92;Boleto;13%;;;
126;126;16/10/2025;642935,24;Pix;9%;;;
127;127;12/10/2025;123154,27;TED;26%;;;
128;128;20/10/2025;769146,07;Pix;45%;;;
129;129;09/10/2025;184725,11;Boleto;28%;;;
130;130;21/10/2025;109943,01;Pix;28%;;;
131;131;24/10/2025;503990,77;TED;43%;;;
132;132;06/10/2025;532459,23;Pix;35%;;;
133;133;13/10/2025;400188,51;TED;27%;;;
134;134;28/10/2025;701093,05;TED;24%;;;
135;135;12/10/2025;629255,88;TED;5%;;;
136;136;01/10/2025;126776,45;Boleto;23%;;;
137;137;09/10/2025;876005,93;Boleto;29%;;;
138;138;18/10/2025;2201,92;TED;37%;;;
139;139;17/10/2025;371398,01;Pix;44%;;;
140;140;15/10/2025;722740,93;TED;24%;;;
141;141;06/10/2025;170988,56;Pix;46%;;;
142;142;13/10/2025;738423,23;Boleto;3%;;;
143;143;01/10/2025;563898,44;TED;34%;;;
144;144;28/10/2025;673323,20;Pix;4%;;;
145;145;25/10/2025;771115,14;Boleto;23%;;;
146;146;25/10/2025;217106,95;Pix;3%;;;
147;147;12/10/2025;304673,12;TED;19%;;;
148;148;02/10/2025;626295,14;Pix;43%;;;
149;149;20/10/2025;305332,31;TED;32%;;;
150;150;21/10/2025;57761,59;Pix;43%;;;
151;151;10/10/2025;657680,83;Boleto;48%;;;
152;152;22/10/2025;325558,51;TED;30%;;;
153;153;09/10/2025;691861,14;Pix;32%;;;
154;154;03/10/2025;754054,47;Pix;30%;;;
155;155;20/10/2025;840814,63;Boleto;43%;;;
156;156;27/10/2025;682989,19;Boleto;25%;;;
157;157;06/10/2025;361951,46;Boleto;12%;;;
158;158;14/10/2025;551906,38;TED;25%;;;
159;159;10/10/2025;3065,01;TED;17%;;;
160;160;06/10/2025;133584,67;TED;32%;;;
161;161;01/10/2025;823358,69;TED;45%;;;
162;162;12/10/2025;807600,13;Pix;32%;;;
163;163;28/10/2025;825191,64;Pix;30%;;;
164;164;14/10/2025;818909,12;Boleto;15%;;;
165;165;13/10/2025;616424,18;Pix;47%;;;
166;166;01/10/2025;452859,16;TED;36%;;;
167;167;18/10/2025;817579,24;TED;15%;;;
168;168;02/10/2025;540373,74;TED;13%;;;
169;169;26/10/2025;743969,38;TED;18%;;;
170;170;14/10/2025;149378,69;Boleto;19%;;;
171;171;09/10/2025;25318,03;Pix;39%;;;
172;172;08/10/2025;341687,32;Boleto;17%;;;
173;173;21/10/2025;78974,98;TED;38%;;;
174;174;10/10/2025;761202,86;Boleto;6%;;;
175;175;14/10/2025;156641,46;Boleto;9%;;;
176;176;03/10/2025;851331,38;Boleto;11%;;;
177;177;18/10/2025;673616,58;TED;44%;;;
178;178;16/10/2025;836044,75;TED;36%;;;
179;179;25/10/2025;819251,83;Boleto;48%;;;
180;180;27/10/2025;277094,46;TED;33%;;;
181;181;28/10/2025;376323,05;TED;25%;;;
182;182;16/10/2025;577607,40;Pix;34%;;;
183;183;04/10/2025;550913,33;Boleto;28%;;;
184;184;23/10/2025;23369,48;Boleto;11%;;;
185;185;03/10/2025;99546,46;TED;8%;;;
186;186;26/10/2025;76025,42;Boleto;46%;;;
187;187;03/10/2025;796488,78;Boleto;35%;;;
188;188;02/10/2025;400243,22;Pix;25%;;;
189;189;07/10/2025;706134,80;TED;15%;;;
190;190;12/10/2025;104145,11;Boleto;49%;;;
191;191;13/10/2025;191462,11;TED;11%;;;
192;192;24/10/2025;80612,37;Boleto;44%;;;
193;193;17/10/2025;860329,17;Pix;12%;;;
194;194;17/10/2025;42011,28;Pix;15%;;;
195;195;06/10/2025;247593,19;Boleto;10%;;;
196;196;16/10/2025;464971,77;TED;24%;;;
197;197;24/10/2025;149162,49;TED;4%;;;
198;198;09/10/2025;637253,66;Boleto;2%;;;
199;199;02/10/2025;333548,49;Pix;22%;;;
200;200;03/10/2025;252330,32;TED;12%;;;
201;201;06/10/2025;713885,62;Boleto;45%;;;
202;202;24/10/2025;541217,57;Pix;50%;;;
203;203;05/10/2025;864188,71;Boleto;36%;;;
204;204;12/10/2025;410487,37;Pix;1%;;;
205;205;01/10/2025;369670,43;Pix;26%;;;
206;206;13/10/2025;217857,06;Boleto;47%;;;
207;207;15/10/2025;701564,30;TED;41%;;;
208;208;08/10/2025;309929,46;TED;1%;;;
209;209;02/10/2025;869991,11;Boleto;9%;;;
210;210;05/10/2025;591925,37;Boleto;22%;;;
211;211;27/10/2025;173244,69;TED;24%;;;
212;212;12/10/2025;212209,47;Pix;40%;;;
213;213;11/10/2025;883775,35;Boleto;20%;;;
214;214;23/10/2025;85945,80;TED;9%;;;
215;215;19/10/2025;425424,39;Pix;2%;;;
216;216;07/10/2025;707948,81;TED;46%;;;
217;217;12/10/2025;263033,99;Boleto;39%;;;
218;218;15/10/2025;299196,08;TED;22%;;;
219;219;21/10/2025;858397,27;Pix;49%;;;
220;220;08/10/2025;156108,90;TED;39%;;;
221;221;17/10/2025;114225,89;Boleto;33%;;;
222;222;09/10/2025;8392,96;TED;20%;;;
223;223;08/10/2025;746722,86;Pix;39%;;;
224;224;07/10/2025;662806,47;Boleto;14%;;;
225;225;13/10/2025;494898,97;TED;30%;;;
226;226;12/10/2025;862637,22;Boleto;35%;;;
227;227;01/10/2025;743020,78;Boleto;30%;;;
228;228;11/10/2025;653939,58;Pix;1%;;;
229;229;02/10/2025;774941,02;TED;47%;;;
230;230;21/10/2025;441812,12;Pix;14%;;;
231;231;18/10/2025;354292,36;TED;28%;;;
232;232;06/10/2025;304123,36;Pix;43%;;;
233;233;19/10/2025;203834,35;Boleto;33%;;;
234;234;05/10/2025;177430,76;TED;20%;;;
235;235;13/10/2025;553390,78;TED;48%;;;
236;236;18/10/2025;848927,56;Boleto;3%;;;
237;237;02/10/2025;267522,56;Boleto;35%;;;
238;238;09/10/2025;554920,24;Pix;18%;;;
239;239;26/10/2025;280661,26;Pix;37%;;;
240;240;09/10/2025;463453,10;Pix;38%;;;
241;241;04/10/2025;227848,33;Boleto;22%;;;
242;242;07/10/2025;704177,17;Pix;39%;;;
243;243;16/10/2025;786797,39;TED;33%;;;
244;244;20/10/2025;179595,30;Boleto;6%;;;
245;245;09/10/2025;716198,88;Boleto;30%;;;
246;246;14/10/2025;836119,17;Pix;42%;;;
247;247;14/10/2025;109299,05;TED;19%;;;
248;248;03/10/2025;501874,23;Pix;15%;;;
249;249;11/10/2025;300543,86;Pix;42%;;;
250;250;10/10/2025;163705,30;TED;44%;;;
251;251;11/10/2025;94935,69;Pix;5%;;;
252;252;12/10/2025;886955,42;Boleto;11%;;;
253;253;25/10/2025;260187,31;Boleto;43%;;;
254;254;20/10/2025;181601,92;Pix;33%;;;
255;255;18/10/2025;586816,15;TED;13%;;;
256;256;09/10/2025;424671,74;Boleto;8%;;;
257;257;03/10/2025;97631,36;TED;6%;;;
258;258;06/10/2025;58709,94;TED;47%;;;
259;259;17/10/2025;391570,16;Pix;30%;;;
260;260;15/10/2025;841377,14;TED;41%;;;
261;261;23/10/2025;200582,41;TED;21%;;;
262;262;21/10/2025;54083,99;Pix;4%;;;
263;263;11/10/2025;137342,85;Boleto;20%;;;
264;264;13/10/2025;413519,05;Boleto;31%;;;
265;265;17/10/2025;241140,95;TED;45%;;;
266;266;28/10/2025;849373,23;Pix;17%;;;
267;267;19/10/2025;293370,66;Boleto;45%;;;
268;268;01/10/2025;856759,74;Boleto;30%;;;
269;269;11/10/2025;714841,46;TED;24%;;;
270;270;11/10/2025;265009,12;Boleto;2%;;;
271;271;12/10/2025;717017,96;Pix;40%;;;
272;272;17/10/2025;380430,84;Pix;34%;;;
273;273;15/10/2025;555027,62;Pix;36%;;;
274;274;19/10/2025;783328,02;Pix;21%;;;
275;275;21/10/2025;570850,27;Pix;21%;;;
276;276;25/10/2025;881463,88;Boleto;32%;;;
277;277;13/10/2025;132277,54;Boleto;37%;;;
278;278;10/10/2025;91470,74;Boleto;20%;;;
279;279;14/10/2025;253069,11;TED;47%;;;
280;280;04/10/2025;706377,45;Boleto;20%;;;
281;281;19/10/2025;371881,95;TED;9%;;;
282;282;12/10/2025;657038,20;Pix;23%;;;
283;283;28/10/2025;191264,82;Boleto;43%;;;
284;284;05/10/2025;146182,43;Pix;8%;;;
285;285;23/10/2025;860890,60;Pix;40%;;;
286;286;05/10/2025;41290,84;TED;44%;;;
287;287;02/10/2025;295627,30;Boleto;25%;;;
288;288;08/10/2025;734056,96;Boleto;4%;;;
289;289;28/10/2025;317733,53;TED;8%;;;
290;290;25/10/2025;470992,79;TED;6%;;;
291;291;03/10/2025;226206,32;Boleto;26%;;;
292;292;01/10/2025;118809,57;Boleto;33%;;;
293;293;18/10/2025;888291,97;Boleto;13%;;;
294;294;18/10/2025;313236,50;Boleto;12%;;;
295;295;10/10/2025;681518,05;TED;12%;;;
296;296;26/10/2025;389899,29;TED;22%;;;
297;297;26/10/2025;271744,64;Pix;28%;;;
298;298;09/10/2025;236585,80;Boleto;39%;;;
299;299;21/10/2025;448683,56;TED;9%;;;
300;300;19/10/2025;418254,51;TED;42%;;;
301;301;24/10/2025;668557,25;Boleto;29%;;;
302;302;26/10/2025;835262,71;Boleto;47%;;;
303;303;04/10/2025;179539,92;Boleto;18%;;;
304;304;24/10/2025;520515,72;TED;2%;;;
305;305;10/10/2025;21424,81;TED;4%;;;
306;306;23/10/2025;388286,18;Boleto;9%;;;
307;307;23/10/2025;617799,53;Boleto;1%;;;
308;308;03/10/2025;772733,39;Pix;34%;;;
309;309;14/10/2025;521306,98;TED;26%;;;
310;310;11/10/2025;488954,74;TED;39%;;;
311;311;03/10/2025;281238,20;TED;37%;;;
312;312;13/10/2025;6065,99;TED;21%;;;
313;313;20/10/2025;471279,39;Boleto;12%;;;
314;314;07/10/2025;818807,20;Pix;48%;;;
315;315;09/10/2025;511884,03;Boleto;35%;;;
316;316;19/10/2025;402828,38;Pix;8%;;;
317;317;13/10/2025;32629,06;Pix;33%;;;
318;318;04/10/2025;468633,09;TED;2%;;;
319;319;15/10/2025;846660,24;TED;6%;;;
320;320;14/10/2025;159063,52;Boleto;11%;;;
321;321;16/10/2025;670115,49;TED;33%;;;
322;322;21/10/2025;831793,19;Pix;4%;;;
323;323;26/10/2025;163194,86;TED;11%;;;
324;324;11/10/2025;545938,97;Pix;22%;;;
325;325;28/10/2025;104332,95;TED;24%;;;
326;326;26/10/2025;880251,48;TED;30%;;;
327;327;28/10/2025;485868,76;Pix;8%;;;
328;328;07/10/2025;494900,75;Pix;29%;;;
329;329;24/10/2025;203802,96;Pix;2%;;;
330;330;16/10/2025;753189,86;Boleto;2%;;;
331;331;04/10/2025;480087,42;TED;43%;;;
332;332;01/10/2025;317319,57;TED;30%;;;
333;333;24/10/2025;726442,05;Boleto;19%;;;
334;334;26/10/2025;185882,28;Pix;34%;;;
335;335;02/10/2025;142668,26;Pix;29%;;;
336;336;01/10/2025;750097,16;TED;21%;;;
337;337;27/10/2025;346177,51;Boleto;24%;;;
338;338;26/10/2025;110445,47;Boleto;44%;;;
339;339;21/10/2025;790737,21;Boleto;30%;;;
340;340;15/10/2025;790946,84;Boleto;42%;;;
341;341;23/10/2025;345688,64;Pix;18%;;;
342;342;27/10/2025;817310,94;TED;49%;;;
343;343;02/10/2025;885777,57;Boleto;39%;;;
344;344;05/10/2025;864482,54;TED;45%;;;
345;345;21/10/2025;564320,99;TED;38%;;;
346;346;28/10/2025;637612,59;TED;47%;;;
347;347;07/10/2025;587009,12;TED;43%;;;
348;348;10/10/2025;405472,34;Boleto;14%;;;
349;349;09/10/2025;739285,45;Pix;28%;;;
350;350;27/10/2025;171003,23;TED;21%;;;
351;351;22/10/2025;218099,61;TED;7%;;;
352;352;10/10/2025;489090,79;TED;39%;;;
353;353;18/10/2025;142075,14;TED;32%;;;
354;354;03/10/2025;139331,68;TED;27%;;;
355;355;11/10/2025;524990,16;TED;31%;;;
356;356;02/10/2025;172923,38;Pix;30%;;;
357;357;26/10/2025;356712,01;Pix;20%;;;
358;358;10/10/2025;709191,72;Pix;3%;;;
359;359;02/10/2025;747933,93;TED;20%;;;
360;360;01/10/2025;225127,14;Pix;4%;;;
361;361;12/10/2025;709932,44;Pix;17%;;;
362;362;18/10/2025;159127,01;Boleto;1%;;;
363;363;26/10/2025;485370,67;Pix;11%;;;
364;364;14/10/2025;632977,88;Pix;38%;;;
365;365;18/10/2025;277038,36;TED;46%;;;
366;366;21/10/2025;807657,12;Boleto;2%;;;
367;367;11/10/2025;842567,89;Pix;38%;;;
368;368;01/10/2025;224108,68;Pix;10%;;;
369;369;24/10/2025;829752,78;TED;12%;;;
370;370;18/10/2025;61783,66;Pix;17%;;;
371;371;01/10/2025;431447,73;TED;15%;;;
372;372;25/10/2025;484362,84;TED;12%;;;
373;373;03/10/2025;631968,07;Boleto;25%;;;
374;374;21/10/2025;638529,88;Boleto;36%;;;
375;375;09/10/2025;36347,22;Pix;22%;;;
376;376;23/10/2025;380610,07;Pix;38%;;;
377;377;26/10/2025;569147,49;Boleto;29%;;;
378;378;17/10/2025;346717,91;Boleto;20%;;;
379;379;03/10/2025;586765,18;Pix;48%;;;
380;380;22/10/2025;364718,09;TED;7%;;;
381;381;07/10/2025;512767,71;Boleto;29%;;;
382;382;14/10/2025;246519,13;Boleto;26%;;;
383;383;19/10/2025;647863,20;Boleto;7%;;;
384;384;03/10/2025;491176,56;Pix;18%;;;
385;385;12/10/2025;753270,14;Pix;13%;;;
386;386;22/10/2025;516721,84;Pix;39%;;;
387;387;06/10/2025;36414,09;Boleto;11%;;;
388;388;09/10/2025;85123,57;Boleto;13%;;;
389;389;14/10/2025;503459,05;Pix;7%;;;
390;390;04/10/2025;565236,97;Boleto;2%;;;
391;391;20/10/2025;689336,59;Pix;2%;;;
392;392;13/10/2025;728769,46;Boleto;31%;;;
393;393;09/10/2025;878724,51;TED;33%;;;
394;394;03/10/2025;436087,43;Pix;25%;;;
395;395;17/10/2025;18607,66;TED;8%;;;
396;396;14/10/2025;223601,90;Pix;46%;;;
397;397;07/10/2025;289649,68;Pix;50%;;;
398;398;24/10/2025;420429,87;TED;6%;;;
399;399;10/10/2025;825851,54;Pix;50%;;;
400;400;17/10/2025;300061,45;Pix;44%;;;
401;401;24/10/2025;569307,87;Boleto;7%;;;
402;402;09/10/2025;582773,55;Boleto;32%;;;
403;403;13/10/2025;693184,27;Pix;50%;;;
404;404;26/10/2025;273864,94;Boleto;39%;;;
405;405;12/10/2025;412214,11;Boleto;38%;;;
406;406;06/10/2025;60296,70;Pix;49%;;;
407;407;26/10/2025;69362,34;Boleto;36%;;;
408;408;14/10/2025;618393,00;Boleto;10%;;;
409;409;04/10/2025;748394,23;TED;19%;;;
410;410;12/10/2025;838601,06;TED;27%;;;
411;411;01/10/2025;889904,81;Pix;32%;;;
412;412;15/10/2025;191495,51;TED;48%;;;
413;413;23/10/2025;639474,83;Pix;20%;;;
414;414;28/10/2025;318804,12;Pix;47%;;;
415;415;26/10/2025;415876,26;Boleto;34%;;;
416;416;24/10/2025;780192,31;TED;18%;;;
417;417;27/10/2025;151934,78;Pix;27%;;;
418;418;14/10/2025;752139,09;TED;24%;;;
419;419;24/10/2025;138687,24;Boleto;19%;;;
420;420;27/10/2025;425658,90;Pix;40%;;;
421;421;23/10/2025;128380,08;Pix;49%;;;
422;422;16/10/2025;752545,89;TED;35%;;;
423;423;05/10/2025;504340,65;Boleto;33%;;;
424;424;06/10/2025;816405,34;TED;24%;;;
425;425;09/10/2025;386896,71;Boleto;24%;;;
426;426;07/10/2025;811985,27;TED;16%;;;
427;427;15/10/2025;249604,42;Boleto;45%;;;
428;428;24/10/2025;519931,86;TED;24%;;;
429;429;14/10/2025;297818,89;TED;30%;;;
430;430;08/10/2025;13378,75;Pix;19%;;;
431;431;24/10/2025;95701,59;Boleto;31%;;;
432;432;19/10/2025;678616,26;TED;27%;;;
433;433;03/10/2025;366735,21;Boleto;3%;;;
434;434;15/10/2025;574289,46;TED;3%;;;
435;435;12/10/2025;47210,54;Boleto;49%;;;
436;436;21/10/2025;341731,03;Boleto;12%;;;
437;437;18/10/2025;548105,34;Pix;44%;;;
438;438;10/10/2025;155521,29;TED;23%;;;
439;439;22/10/2025;795581,42;Pix;18%;;;
440;440;17/10/2025;287833,75;Pix;21%;;;
441;441;26/10/2025;338135,70;TED;46%;;;
442;442;14/10/2025;766460,31;TED;33%;;;
443;443;12/10/2025;13629,91;TED;37%;;;
444;444;27/10/2025;622241,36;Boleto;13%;;;
445;445;13/10/2025;741971,30;TED;39%;;;
446;446;25/10/2025;428375,24;TED;28%;;;
447;447;19/10/2025;543941,44;TED;31%;;;
448;448;06/10/2025;493633,62;Pix;5%;;;
449;449;16/10/2025;466075,73;TED;21%;;;
450;450;04/10/2025;690034,87;Pix;40%;;;
451;451;10/10/2025;519618,71;Boleto;29%;;;
452;452;10/10/2025;693445,10;Pix;16%;;;
453;453;07/10/2025;24412,64;Boleto;42%;;;
454;454;15/10/2025;440339,37;Pix;46%;;;
455;455;14/10/2025;469590,31;TED;26%;;;
456;456;27/10/2025;649847,42;Pix;38%;;;
457;457;25/10/2025;221135,89;Boleto;24%;;;
458;458;26/10/2025;303849,94;Boleto;16%;;;
459;459;15/10/2025;358984,80;Pix;19%;;;
460;460;01/10/2025;436869,43;TED;3%;;;
461;461;25/10/2025;242880,24;Pix;31%;;;
462;462;26/10/2025;391395,05;TED;1%;;;
463;463;11/10/2025;196593,71;Pix;31%;;;
464;464;23/10/2025;288089,51;Pix;7%;;;
465;465;20/10/2025;284772,56;Boleto;33%;;;
466;466;12/10/2025;292380,43;TED;42%;;;
467;467;20/10/2025;124431,13;TED;49%;;;
468;468;03/10/2025;69320,09;TED;38%;;;
469;469;05/10/2025;710667,94;Boleto;9%;;;
470;470;22/10/2025;354931,42;Pix;32%;;;
471;471;20/10/2025;600918,71;TED;49%;;;
472;472;19/10/2025;862371,18;Boleto;49%;;;
473;473;13/10/2025;726547,29;TED;31%;;;
474;474;11/10/2025;446409,19;Pix;41%;;;
475;475;12/10/2025;106465,95;Pix;10%;;;
476;476;12/10/2025;445061,39;Boleto;49%;;;
477;477;06/10/2025;590202,94;Pix;6%;;;
478;478;09/10/2025;758004,24;Boleto;9%;;;
479;479;19/10/2025;499070,33;Boleto;39%;;;
480;480;12/10/2025;750824,96;TED;29%;;;
481;481;09/10/2025;40576,04;Pix;15%;;;
482;482;17/10/2025;813665,26;Pix;25%;;;
483;483;12/10/2025;729114,61;Pix;14%;;;
484;484;01/10/2025;603285,77;Pix;22%;;;
485;485;13/10/2025;504735,34;Boleto;6%;;;
486;486;01/10/2025;48234,12;Pix;7%;;;
487;487;17/10/2025;792518,20;TED;11%;;;
488;488;20/10/2025;882901,61;Boleto;15%;;;
489;489;10/10/2025;18760,83;Pix;22%;;;
490;490;02/10/2025;225201,14;Boleto;30%;;;
491;491;18/10/2025;237657,38;Boleto;17%;;;
492;492;04/10/2025;661664,59;Pix;32%;;;
493;493;15/10/2025;675693,54;TED;16%;;;
494;494;10/10/2025;404058,45;TED;26%;;;
495;495;24/10/2025;463728,73;Boleto;3%;;;
496;496;07/10/2025;354523,52;Pix;10%;;;
497;497;24/10/2025;130311,75;Boleto;31%;;;
498;498;04/10/2025;510388,75;TED;22%;;;
499;499;21/10/2025;638965,14;TED;40%;;;
500;500;05/10/2025;541921,91;Boleto;19%;;;
501;501;15/10/2025;66760,41;TED;11%;;;
502;502;12/10/2025;193853,85;Pix;16%;;;
503;503;19/10/2025;473745,31;Boleto;32%;;;
504;504;27/10/2025;91612,56;Pix;28%;;;
505;505;06/10/2025;608988,39;Pix;6%;;;
506;506;02/10/2025;817838,56;Pix;26%;;;
507;507;24/10/2025;63691,74;Pix;19%;;;
508;508;21/10/2025;351689,85;Boleto;29%;;;
509;509;28/10/2025;524040,25;Boleto;13%;;;
510;510;09/10/2025;776127,41;Pix;4%;;;
511;511;10/10/2025;899511,62;TED;43%;;;
512;512;15/10/2025;650488,94;TED;49%;;;
513;513;09/10/2025;736836,78;TED;12%;;;
514;514;22/10/2025;196551,23;Boleto;20%;;;
515;515;13/10/2025;153714,13;Pix;26%;;;
516;516;19/10/2025;635516,67;TED;24%;;;
517;517;24/10/2025;152875,48;TED;15%;;;
518;518;18/10/2025;800386,53;Boleto;38%;;;
519;519;13/10/2025;292489,12;Boleto;11%;;;
520;520;22/10/2025;204001,38;Pix;42%;;;
521;521;23/10/2025;872908,80;Pix;46%;;;
522;522;01/10/2025;266490,97;Boleto;16%;;;
523;523;06/10/2025;842784,25;TED;2%;;;
524;524;16/10/2025;393570,58;Pix;7%;;;
525;525;14/10/2025;852489,64;TED;6%;;;
526;526;17/10/2025;383735,07;Pix;42%;;;
527;527;14/10/2025;196254,31;TED;19%;;;
528;528;05/10/2025;297230,12;TED;11%;;;
529;529;23/10/2025;191001,95;Boleto;39%;;;
530;530;15/10/2025;757867,89;Boleto;47%;;;
531;531;14/10/2025;6925,49;Boleto;16%;;;
532;532;15/10/2025;754020,97;Boleto;23%;;;
533;533;24/10/2025;411367,17;Pix;16%;;;
534;534;26/10/2025;874958,12;TED;15%;;;
535;535;22/10/2025;595104,27;Pix;6%;;;
536;536;24/10/2025;240371,64;Pix;40%;;;
537;537;01/10/2025;669868,43;Boleto;10%;;;
538;538;24/10/2025;828108,65;Pix;43%;;;
539;539;07/10/2025;732962,40;Pix;36%;;;
540;540;17/10/2025;655530,44;Boleto;3%;;;
541;541;23/10/2025;188841,76;TED;47%;;;
542;542;03/10/2025;431012,39;Boleto;35%;;;
543;543;13/10/2025;334476,70;Boleto;28%;;;
544;544;09/10/2025;682525,79;Pix;31%;;;
545;545;16/10/2025;537957,93;Pix;35%;;;
546;546;18/10/2025;484690,88;Pix;43%;;;
547;547;04/10/2025;5743,81;TED;33%;;;
548;548;20/10/2025;628671,22;Pix;30%;;;
549;549;17/10/2025;215696,39;TED;42%;;;
550;550;17/10/2025;596985,01;Boleto;49%;;;
551;551;26/10/2025;245215,03;TED;16%;;;
552;552;27/10/2025;491539,19;Pix;41%;;;
553;553;09/10/2025;462636,86;TED;20%;;;
554;554;13/10/2025;191828,99;Pix;5%;;;
555;555;20/10/2025;303518,57;Boleto;43%;;;
556;556;04/10/2025;864483,26;TED;23%;;;
557;557;26/10/2025;46943,96;TED;26%;;;
558;558;28/10/2025;840690,08;Boleto;22%;;;
559;559;22/10/2025;245647,68;Pix;17%;;;
560;560;16/10/2025;300461,48;Pix;33%;;;
561;561;22/10/2025;592441,81;Pix;14%;;;
562;562;20/10/2025;149684,77;TED;12%;;;
563;563;13/10/2025;333551,29;TED;35%;;;
564;564;12/10/2025;877234,42;Boleto;4%;;;
565;565;05/10/2025;404881,90;Pix;5%;;;
566;566;20/10/2025;515036,49;TED;18%;;;
567;567;25/10/2025;711568,67;TED;7%;;;
568;568;23/10/2025;51498,28;Pix;15%;;;
569;569;24/10/2025;239951,53;TED;49%;;;
570;570;14/10/2025;378396,89;Pix;45%;;;
571;571;11/10/2025;437411,79;Pix;45%;;;
572;572;03/10/2025;370526,37;Boleto;3%;;;
573;573;09/10/2025;308197,11;TED;45%;;;
574;574;17/10/2025;812399,01;Boleto;34%;;;
575;575;09/10/2025;317303,65;TED;26%;;;
576;576;14/10/2025;398083,87;Pix;6%;;;
577;577;04/10/2025;387347,65;Pix;40%;;;
578;578;19/10/2025;860739,68;Boleto;48%;;;
579;579;17/10/2025;788492,13;TED;6%;;;
580;580;26/10/2025;533439,15;Pix;26%;;;
581;581;17/10/2025;247858,40;TED;12%;;;
582;582;08/10/2025;690183,01;TED;47%;;;
583;583;12/10/2025;546825,72;TED;46%;;;
584;584;27/10/2025;555984,65;Pix;40%;;;
585;585;16/10/2025;32468,30;Boleto;25%;;;
586;586;06/10/2025;572592,19;TED;24%;;;
587;587;12/10/2025;57871,91;TED;3%;;;
588;588;02/10/2025;853443,84;Pix;39%;;;
589;589;28/10/2025;739335,71;Boleto;45%;;;
590;590;09/10/2025;591628,92;Boleto;28%;;;
591;591;18/10/2025;569890,02;Pix;40%;;;
592;592;13/10/2025;846815,96;Boleto;5%;;;
593;593;04/10/2025;640823,21;Boleto;29%;;;
594;594;10/10/2025;66263,36;Pix;20%;;;
595;595;14/10/2025;314559,88;TED;49%;;;
596;596;25/10/2025;539535,49;Pix;7%;;;
597;597;01/10/2025;686254,85;Pix;11%;;;
598;598;06/10/2025;418318,93;TED;40%;;;
599;599;23/10/2025;711203,62;Boleto;4%;;;
600;600;28/10/2025;113439,59;Pix;21%;;;
601;601;24/10/2025;288214,11;TED;22%;;;
602;602;12/10/2025;78566,72;TED;30%;;;
603;603;11/10/2025;641313,74;Pix;46%;;;
604;604;13/10/2025;483085,10;Pix;2%;;;
605;605;15/10/2025;115167,02;Pix;46%;;;
606;606;15/10/2025;343933,40;Pix;37%;;;
607;607;24/10/2025;722878,96;TED;20%;;;
608;608;13/10/2025;681384,68;TED;42%;;;
609;609;24/10/2025;726885,58;Pix;3%;;;
610;610;19/10/2025;252589,17;Boleto;5%;;;
611;611;06/10/2025;805412,33;TED;25%;;;
612;612;08/10/2025;840225,11;Pix;42%;;;
613;613;06/10/2025;410131,56;Pix;16%;;;
614;614;02/10/2025;510360,28;TED;29%;;;
615;615;10/10/2025;507542,20;TED;46%;;;
616;616;04/10/2025;812340,35;Pix;9%;;;
617;617;03/10/2025;712648,68;Pix;47%;;;
618;618;18/10/2025;108626,28;Boleto;46%;;;
619;619;08/10/2025;392934,78;Boleto;25%;;;
620;620;21/10/2025;307741,42;Boleto;26%;;;
621;621;18/10/2025;282892,36;TED;40%;;;
622;622;12/10/2025;559370,03;TED;9%;;;
623;623;14/10/2025;550662,87;TED;31%;;;
624;624;14/10/2025;449495,16;Boleto;26%;;;
625;625;17/10/2025;181255,81;Boleto;23%;;;
626;626;23/10/2025;793999,60;Pix;28%;;;
627;627;27/10/2025;754487,29;Boleto;30%;;;
628;628;04/10/2025;664545,85;Pix;22%;;;
629;629;10/10/2025;211930,61;Boleto;13%;;;
630;630;12/10/2025;106252,04;Pix;34%;;;
631;631;09/10/2025;335892,17;Boleto;19%;;;
632;632;21/10/2025;94007,54;Pix;4%;;;
633;633;08/10/2025;583735,44;Boleto;44%;;;
634;634;27/10/2025;525142,58;Pix;33%;;;
635;635;14/10/2025;435171,61;Boleto;47%;;;
636;636;26/10/2025;317481,30;Pix;7%;;;
637;637;28/10/2025;604026,63;Boleto;21%;;;
638;638;08/10/2025;251520,07;Pix;21%;;;
639;639;14/10/2025;170775,85;TED;19%;;;
640;640;25/10/2025;610373,59;Pix;36%;;;
641;641;19/10/2025;279665,19;Boleto;32%;;;
642;642;26/10/2025;783819,00;Pix;32%;;;
643;643;02/10/2025;390830,82;Boleto;37%;;;
644;644;26/10/2025;165349,47;TED;44%;;;
645;645;16/10/2025;825159,24;Pix;24%;;;
646;646;25/10/2025;522089,69;Boleto;35%;;;
647;647;27/10/2025;207048,97;Pix;28%;;;
648;648;08/10/2025;301790,03;TED;42%;;;
649;649;05/10/2025;194775,03;Pix;3%;;;
650;650;14/10/2025;542809,45;Pix;5%;;;
651;651;15/10/2025;870124,82;TED;7%;;;
652;652;25/10/2025;498640,18;Pix;42%;;;
653;653;23/10/2025;707058,23;TED;27%;;;
654;654;21/10/2025;280083,31;Boleto;33%;;;
655;655;08/10/2025;70774,19;Boleto;25%;;;
656;656;06/10/2025;816246,38;Pix;34%;;;
657;657;25/10/2025;643989,82;TED;50%;;;
658;658;17/10/2025;812668,48;Boleto;38%;;;
659;659;17/10/2025;224131,22;TED;39%;;;
660;660;14/10/2025;46968,03;Boleto;14%;;;
661;661;08/10/2025;269063,00;Boleto;50%;;;
662;662;01/10/2025;46087,98;Boleto;32%;;;
663;663;06/10/2025;774612,04;Pix;36%;;;
664;664;16/10/2025;414292,18;Boleto;5%;;;
665;665;08/10/2025;369829,93;TED;37%;;;
666;666;26/10/2025;383843,29;Boleto;30%;;;
667;667;07/10/2025;683481,20;Boleto;12%;;;
668;668;03/10/2025;708513,62;Boleto;6%;;;
669;669;01/10/2025;546284,34;TED;43%;;;
670;670;18/10/2025;693105,60;Boleto;10%;;;
671;671;05/10/2025;801348,78;Boleto;32%;;;
672;672;19/10/2025;870360,92;TED;5%;;;
673;673;03/10/2025;244320,37;Boleto;16%;;;
674;674;09/10/2025;642941,31;Pix;49%;;;
675;675;28/10/2025;411922,63;TED;43%;;;
676;676;08/10/2025;38307,28;Pix;16%;;;
677;677;21/10/2025;728421,12;TED;49%;;;
678;678;21/10/2025;452488,56;TED;14%;;;
679;679;17/10/2025;200163,67;Boleto;43%;;;
680;680;23/10/2025;329411,17;TED;17%;;;
681;681;09/10/2025;284018,38;Boleto;21%;;;
682;682;02/10/2025;715875,18;TED;31%;;;
683;683;17/10/2025;171874,50;Boleto;44%;;;
684;684;14/10/2025;158414,58;TED;48%;;;
685;685;01/10/2025;330679,78;Pix;5%;;;
686;686;07/10/2025;173563,33;TED;3%;;;
687;687;03/10/2025;37543,62;TED;32%;;;
688;688;10/10/2025;399963,02;Pix;2%;;;
689;689;10/10/2025;221095,47;TED;22%;;;
690;690;12/10/2025;690005,81;Pix;34%;;;
691;691;16/10/2025;40024,27;TED;49%;;;
692;692;16/10/2025;838489,88;Boleto;31%;;;
693;693;08/10/2025;518822,42;Boleto;27%;;;
694;694;21/10/2025;145343,16;TED;34%;;;
695;695;10/10/2025;602989,93;Boleto;5%;;;
696;696;27/10/2025;735041,98;TED;16%;;;
697;697;13/10/2025;894796,09;TED;8%;;;
698;698;05/10/2025;858151,34;Pix;3%;;;
699;699;27/10/2025;213717,31;Pix;12%;;;
700;700;16/10/2025;657052,11;TED;5%;;;
701;701;26/10/2025;83485,54;Boleto;12%;;;
702;702;04/10/2025;450075,37;Boleto;48%;;;
703;703;27/10/2025;868809,15;Pix;18%;;;
704;704;11/10/2025;826455,59;Boleto;19%;;;
705;705;06/10/2025;354736,30;Boleto;46%;;;
706;706;03/10/2025;849971,69;TED;4%;;;
707;707;19/10/2025;627256,71;Pix;23%;;;
708;708;23/10/2025;322966,71;TED;47%;;;
709;709;06/10/2025;736999,75;Pix;48%;;;
710;710;19/10/2025;692453,25;TED;8%;;;
711;711;21/10/2025;726174,23;Pix;43%;;;
712;712;15/10/2025;536081,28;Pix;43%;;;
713;713;17/10/2025;616837,26;Pix;36%;;;
714;714;04/10/2025;483715,18;Boleto;33%;;;
715;715;13/10/2025;111052,38;TED;16%;;;
716;716;10/10/2025;778501,92;TED;38%;;;
717;717;13/10/2025;400205,00;Boleto;34%;;;
718;718;05/10/2025;652987,34;TED;43%;;;
719;719;22/10/2025;798436,43;TED;44%;;;
720;720;19/10/2025;315185,84;TED;32%;;;
721;721;01/10/2025;605009,20;Boleto;28%;;;
722;722;04/10/2025;184423,98;TED;2%;;;
723;723;17/10/2025;334930,39;Boleto;21%;;;
724;724;27/10/2025;232494,51;Pix;14%;;;
725;725;03/10/2025;705616,51;Boleto;9%;;;
726;726;01/10/2025;668224,26;Pix;25%;;;
727;727;11/10/2025;14937,73;Boleto;32%;;;
728;728;10/10/2025;651792,02;Pix;34%;;;
729;729;26/10/2025;786201,33;Pix;45%;;;
730;730;16/10/2025;546809,53;Pix;2%;;;
731;731;10/10/2025;455661,57;TED;37%;;;
732;732;09/10/2025;497735,88;TED;18%;;;
733;733;04/10/2025;504188,29;TED;5%;;;
734;734;19/10/2025;664365,33;TED;20%;;;
735;735;11/10/2025;32331,25;Pix;45%;;;
736;736;19/10/2025;329564,64;TED;17%;;;
737;737;26/10/2025;565457,58;TED;36%;;;
738;738;08/10/2025;222349,09;TED;28%;;;
739;739;10/10/2025;531458,13;TED;45%;;;
740;740;08/10/2025;418388,80;Boleto;26%;;;
741;741;27/10/2025;88884,14;TED;34%;;;
742;742;23/10/2025;688723,25;TED;26%;;;
743;743;18/10/2025;354067,60;TED;39%;;;
744;744;27/10/2025;358871,73;TED;19%;;;
745;745;23/10/2025;109903,07;TED;11%;;;
746;746;20/10/2025;589255,06;TED;48%;;;
747;747;07/10/2025;246106,91;TED;24%;;;
748;748;03/10/2025;470878,44;TED;7%;;;
749;749;17/10/2025;632280,21;Pix;19%;;;
750;750;22/10/2025;725728,99;Boleto;43%;;;
751;751;22/10/2025;102029,23;TED;42%;;;
752;752;03/10/2025;321348,89;Pix;19%;;;
753;753;26/10/2025;294483,94;Boleto;17%;;;
754;754;27/10/2025;624694,75;Pix;23%;;;
755;755;17/10/2025;824592,46;TED;28%;;;
756;756;03/10/2025;755646,17;Pix;22%;;;
757;757;14/10/2025;217738,34;TED;26%;;;
758;758;14/10/2025;505099,70;Pix;10%;;;
759;759;04/10/2025;74904,14;Boleto;50%;;;
760;760;22/10/2025;600974,29;Pix;41%;;;
761;761;27/10/2025;464095,19;Boleto;33%;;;
762;762;06/10/2025;167261,26;Pix;29%;;;
763;763;27/10/2025;500679,79;Boleto;13%;;;
764;764;20/10/2025;355660,29;Boleto;44%;;;
765;765;06/10/2025;888019,85;Pix;46%;;;
766;766;17/10/2025;480432,18;Pix;25%;;;
767;767;23/10/2025;652176,56;Pix;9%;;;
768;768;21/10/2025;659259,19;TED;9%;;;
769;769;09/10/2025;60522,59;Pix;9%;;;
770;770;09/10/2025;46048,46;TED;26%;;;
771;771;14/10/2025;554630,43;Pix;11%;;;
772;772;10/10/2025;92869,90;TED;9%;;;
773;773;21/10/2025;746141,10;TED;6%;;;
774;774;08/10/2025;375470,10;TED;50%;;;
775;775;24/10/2025;727407,42;Pix;14%;;;
776;776;10/10/2025;271358,25;Pix;30%;;;
777;777;06/10/2025;246102,55;TED;26%;;;
778;778;27/10/2025;572680,67;Pix;25%;;;
779;779;10/10/2025;46210,83;TED;49%;;;
780;780;05/10/2025;420983,83;Pix;42%;;;
781;781;27/10/2025;362191,84;Boleto;21%;;;
782;782;20/10/2025;483408,61;Boleto;27%;;;
783;783;15/10/2025;810978,13;TED;29%;;;
784;784;20/10/2025;634104,01;Boleto;27%;;;
785;785;24/10/2025;16643,97;Boleto;45%;;;
786;786;22/10/2025;13798,25;Boleto;47%;;;
787;787;11/10/2025;689004,56;TED;28%;;;
788;788;23/10/2025;846714,88;Boleto;48%;;;
789;789;06/10/2025;153822,77;TED;12%;;;
790;790;08/10/2025;32314,11;TED;17%;;;
791;791;12/10/2025;535461,92;Pix;4%;;;
792;792;22/10/2025;23842,83;Pix;49%;;;
793;793;10/10/2025;153004,72;TED;15%;;;
794;794;25/10/2025;115092,79;Pix;47%;;;
795;795;23/10/2025;767416,99;TED;9%;;;
796;796;07/10/2025;301758,45;Boleto;38%;;;
797;797;19/10/2025;569524,83;TED;38%;;;
798;798;10/10/2025;511398,17;TED;12%;;;
799;799;24/10/2025;452612,21;TED;35%;;;
800;800;21/10/2025;887585,73;TED;19%;;;
801;801;02/10/2025;168913,07;Pix;44%;;;
802;802;07/10/2025;629212,67;Boleto;21%;;;
803;803;06/10/2025;534334,08;TED;31%;;;
804;804;27/10/2025;505876,02;Boleto;22%;;;
805;805;18/10/2025;679694,43;Boleto;2%;;;
806;806;04/10/2025;625700,79;Pix;24%;;;
807;807;16/10/2025;710524,68;TED;26%;;;
808;808;10/10/2025;371806,90;Pix;28%;;;
809;809;23/10/2025;616503,07;Pix;39%;;;
810;810;06/10/2025;633100,64;Pix;37%;;;
811;811;14/10/2025;437770,20;Pix;31%;;;
812;812;14/10/2025;809047,77;Boleto;19%;;;
813;813;04/10/2025;828682,44;Boleto;12%;;;
814;814;13/10/2025;849405,01;TED;13%;;;
815;815;12/10/2025;722874,16;TED;31%;;;
816;816;11/10/2025;134701,93;TED;30%;;;
817;817;01/10/2025;1764,95;Boleto;26%;;;
818;818;03/10/2025;556230,69;Pix;7%;;;
819;819;09/10/2025;320882,43;TED;33%;;;
820;820;12/10/2025;748483,89;Boleto;44%;;;
821;821;21/10/2025;80912,00;Pix;41%;;;
822;822;19/10/2025;660164,17;TED;5%;;;
823;823;11/10/2025;769625,21;TED;21%;;;
824;824;07/10/2025;363556,91;TED;49%;;;
825;825;01/10/2025;419299,49;TED;14%;;;
826;826;24/10/2025;650682,16;Pix;11%;;;
827;827;11/10/2025;657163,57;Boleto;4%;;;
828;828;06/10/2025;469015,83;Pix;8%;;;
829;829;23/10/2025;837907,59;Pix;14%;;;
830;830;17/10/2025;20858,18;Boleto;30%;;;
831;831;23/10/2025;217007,84;Pix;40%;;;
832;832;05/10/2025;154903,54;Boleto;42%;;;
833;833;09/10/2025;878749,63;TED;21%;;;
834;834;27/10/2025;6742,30;Pix;45%;;;
835;835;25/10/2025;108413,23;Pix;41%;;;
836;836;27/10/2025;83878,08;TED;29%;;;
837;837;01/10/2025;312343,87;Boleto;32%;;;
838;838;02/10/2025;182957,20;Boleto;11%;;;
839;839;21/10/2025;603791,17;TED;6%;;;
840;840;23/10/2025;308650,20;TED;38%;;;
841;841;13/10/2025;715586,23;TED;30%;;;
842;842;16/10/2025;109460,85;Boleto;28%;;;
843;843;02/10/2025;137828,16;TED;36%;;;
844;844;08/10/2025;343755,07;Boleto;38%;;;
845;845;15/10/2025;606472,96;Pix;26%;;;
846;846;24/10/2025;353986,01;TED;22%;;;
847;847;14/10/2025;825076,55;Pix;42%;;;
848;848;02/10/2025;403439,94;Boleto;4%;;;
849;849;10/10/2025;461011,32;Pix;36%;;;
850;850;24/10/2025;770239,38;Pix;8%;;;
851;851;27/10/2025;179455,96;Boleto;27%;;;
852;852;11/10/2025;880467,91;Pix;21%;;;
853;853;12/10/2025;603147,45;Boleto;32%;;;
854;854;21/10/2025;184937,57;TED;49%;;;
855;855;17/10/2025;202317,23;Boleto;43%;;;
856;856;12/10/2025;626510,12;Pix;8%;;;
857;857;05/10/2025;877845,24;Boleto;22%;;;
858;858;27/10/2025;352074,77;Boleto;24%;;;
859;859;09/10/2025;742186,51;Boleto;7%;;;
860;860;13/10/2025;252811,39;Boleto;15%;;;
861;861;02/10/2025;575685,40;Boleto;33%;;;
862;862;08/10/2025;498445,38;Pix;19%;;;
863;863;01/10/2025;823596,67;Boleto;48%;;;
864;864;08/10/2025;223536,48;Pix;41%;;;
865;865;11/10/2025;109692,26;Pix;25%;;;
866;866;10/10/2025;432955,84;TED;47%;;;
867;867;10/10/2025;660459,63;Boleto;33%;;;
868;868;03/10/2025;187657,18;Pix;10%;;;
869;869;14/10/2025;188695,06;TED;38%;;;
870;870;09/10/2025;612066,08;Boleto;17%;;;
871;871;14/10/2025;601850,17;Boleto;35%;;;
872;872;15/10/2025;25187,75;Boleto;39%;;;
873;873;15/10/2025;705588,05;TED;21%;;;
874;874;11/10/2025;286673,80;Boleto;36%;;;
875;875;14/10/2025;587709,10;TED;24%;;;
876;876;09/10/2025;385387,39;Pix;12%;;;
877;877;18/10/2025;257377,64;Pix;38%;;;
878;878;20/10/2025;814295,48;Pix;10%;;;
879;879;09/10/2025;22203,85;Boleto;24%;;;
880;880;02/10/2025;199438,41;TED;39%;;;
881;881;16/10/2025;511269,56;TED;22%;;;
882;882;08/10/2025;349495,99;Boleto;9%;;;
883;883;01/10/2025;367553,94;Pix;16%;;;
884;884;05/10/2025;230861,54;TED;43%;;;
885;885;04/10/2025;841665,62;TED;38%;;;
886;886;22/10/2025;126769,02;TED;10%;;;
887;887;18/10/2025;354141,32;Boleto;47%;;;
888;888;08/10/2025;717769,14;Pix;30%;;;
889;889;10/10/2025;557553,87;Pix;3%;;;
890;890;16/10/2025;715569,04;Pix;10%;;;
891;891;13/10/2025;862229,93;Boleto;34%;;;
892;892;25/10/2025;665625,51;TED;31%;;;
893;893;07/10/2025;617430,03;Pix;10%;;;
894;894;15/10/2025;436855,39;Pix;14%;;;
895;895;18/10/2025;173823,34;Pix;45%;;;
896;896;15/10/2025;891106,81;Pix;39%;;;
897;897;28/10/2025;559160,98;Boleto;27%;;;
898;898;07/10/2025;676600,16;Pix;18%;;;
899;899;27/10/2025;436799,83;Boleto;4%;;;
900;900;02/10/2025;456826,34;Boleto;18%;;;
901;901;10/10/2025;139808,15;Pix;34%;;;
902;902;09/10/2025;10708,54;TED;48%;;;
903;903;19/10/2025;356412,51;Boleto;31%;;;
904;904;15/10/2025;46800,16;TED;17%;;;
905;905;07/10/2025;442590,78;Boleto;8%;;;
906;906;24/10/2025;396504,91;Boleto;36%;;;
907;907;10/10/2025;592359,74;TED;17%;;;
908;908;11/10/2025;868265,63;Pix;2%;;;
909;909;22/10/2025;99627,44;Pix;24%;;;
910;910;19/10/2025;454105,85;Pix;30%;;;
911;911;12/10/2025;868499,15;Pix;3%;;;
912;912;02/10/2025;687401,23;Pix;3%;;;
913;913;18/10/2025;873135,92;Pix;19%;;;
914;914;09/10/2025;271626,40;Boleto;41%;;;
915;915;09/10/2025;502521,42;Pix;44%;;;
916;916;28/10/2025;3181,23;Pix;49%;;;
917;917;17/10/2025;196600,81;TED;29%;;;
918;918;18/10/2025;815736,24;Boleto;37%;;;
919;919;28/10/2025;854343,03;Boleto;18%;;;
920;920;18/10/2025;722323,73;Pix;46%;;;
921;921;18/10/2025;718988,38;Boleto;2%;;;
922;922;02/10/2025;131110,22;Boleto;24%;;;
923;923;27/10/2025;6781,05;TED;12%;;;
924;924;03/10/2025;548954,68;TED;47%;;;
925;925;09/10/2025;405823,16;Pix;14%;;;
926;926;05/10/2025;622173,78;TED;36%;;;
927;927;21/10/2025;805408,91;TED;10%;;;
928;928;03/10/2025;627358,49;Boleto;4%;;;
929;929;18/10/2025;616598,98;Pix;11%;;;
930;930;19/10/2025;672398,47;Boleto;44%;;;
931;931;03/10/2025;716875,84;Pix;50%;;;
932;932;23/10/2025;889088,77;Pix;1%;;;
933;933;17/10/2025;359421,65;Boleto;49%;;;
934;934;18/10/2025;760215,70;Boleto;17%;;;
935;935;12/10/2025;588798,49;TED;49%;;;
936;936;12/10/2025;708463,63;TED;44%;;;
937;937;20/10/2025;690539,09;Pix;42%;;;
938;938;24/10/2025;676846,67;Boleto;38%;;;
939;939;02/10/2025;812871,16;Pix;10%;;;
940;940;18/10/2025;759398,38;TED;31%;;;
941;941;24/10/2025;399008,59;Boleto;13%;;;
942;942;01/10/2025;662528,70;TED;4%;;;
943;943;20/10/2025;173176,66;Pix;22%;;;
944;944;28/10/2025;314752,02;Boleto;5%;;;
945;945;10/10/2025;683960,88;Pix;42%;;;
946;946;04/10/2025;461651,13;TED;9%;;;
947;947;10/10/2025;500068,80;Boleto;13%;;;
948;948;04/10/2025;172158,16;TED;25%;;;
949;949;05/10/2025;501059,46;Pix;42%;;;
950;950;04/10/2025;610424,34;Pix;16%;;;
951;951;13/10/2025;430411,29;Pix;43%;;;
952;952;06/10/2025;186743,61;Pix;33%;;;
953;953;12/10/2025;584174,30;TED;33%;;;
954;954;15/10/2025;102144,12;Boleto;23%;;;
955;955;06/10/2025;698791,12;Boleto;43%;;;
956;956;24/10/2025;454747,31;Pix;29%;;;
957;957;17/10/2025;821850,67;TED;44%;;;
958;958;09/10/2025;398671,24;Pix;44%;;;
959;959;17/10/2025;602417,23;Boleto;39%;;;
960;960;19/10/2025;855789,72;Pix;35%;;;
961;961;15/10/2025;679517,92;Boleto;24%;;;
962;962;06/10/2025;401945,39;Pix;31%;;;
963;963;07/10/2025;309020,44;Pix;2%;;;
964;964;01/10/2025;779570,69;Pix;18%;;;
965;965;25/10/2025;814649,33;Pix;16%;;;
966;966;10/10/2025;638000,57;TED;43%;;;
967;967;25/10/2025;667019,38;Pix;30%;;;
968;968;04/10/2025;824183,40;TED;15%;;;
969;969;10/10/2025;580784,57;TED;38%;;;
970;970;18/10/2025;291972,00;Pix;2%;;;
971;971;28/10/2025;619395,73;Boleto;5%;;;
972;972;01/10/2025;813259,62;TED;31%;;;
973;973;18/10/2025;290240,62;Boleto;7%;;;
974;974;15/10/2025;803941,58;Boleto;29%;;;
975;975;23/10/2025;314703,44;Pix;34%;;;
976;976;26/10/2025;342977,13;Pix;29%;;;
977;977;18/10/2025;27294,51;TED;21%;;;
978;978;21/10/2025;200006,29;TED;24%;;;
979;979;01/10/2025;677527,00;Boleto;28%;;;
980;980;02/10/2025;195682,91;Pix;38%;;;
981;981;12/10/2025;187815,64;Pix;31%;;;
982;982;13/10/2025;849573,91;Boleto;37%;;;
983;983;26/10/2025;192344,23;TED;11%;;;
984;984;23/10/2025;40995,62;Pix;13%;;;
985;985;06/10/2025;760421,50;Pix;23%;;;
986;986;19/10/2025;27082,31;Boleto;15%;;;
987;987;21/10/2025;510770,66;Boleto;36%;;;
988;988;28/10/2025;168107,75;Boleto;4%;;;
989;989;04/10/2025;37480,77;Boleto;50%;;;
990;990;04/10/2025;740485,61;Pix;5%;;;
991;991;17/10/2025;732994,96;Boleto;3%;;;
992;992;09/10/2025;669935,36;Boleto;35%;;;
993;993;21/10/2025;196645,20;Pix;49%;;;
994;994;11/10/2025;24909,40;TED;5%;;;
995;995;22/10/2025;405869,41;Pix;31%;;;
996;996;15/10/2025;227568,11;TED;22%;;;
997;997;24/10/2025;124079,50;Boleto;22%;;;
998;998;06/10/2025;847696,81;Pix;34%;;;
999;999;02/10/2025;315163,54;TED;10%;;;
1000;1000;13/10/2025;122073,71;Boleto;25%;;;
